Date,Adj Close,Close,High,Low,Open,Volume
2020-11-11 00:00:00+00:00,5996.66162109375,6540.0,6565.0,6480.0,6540.0,131383500
2020-11-12 00:00:00+00:00,5886.63037109375,6420.0,6495.0,6405.0,6410.0,83082500
2020-11-13 00:00:00+00:00,5859.12255859375,6390.0,6450.0,6320.0,6420.0,82374500
2020-11-16 00:00:00+00:00,5941.646484375,6480.0,6485.0,6385.0,6485.0,54905000
2020-11-17 00:00:00+00:00,6005.830078125,6550.0,6565.0,6490.0,6500.0,119784000
2020-11-18 00:00:00+00:00,6024.1689453125,6570.0,6575.0,6540.0,6550.0,99789000
2020-11-19 00:00:00+00:00,6065.42919921875,6615.0,6640.0,6515.0,6520.0,147346500
2020-11-20 00:00:00+00:00,6051.67724609375,6600.0,6650.0,6550.0,6640.0,68468500
2020-11-23 00:00:00+00:00,6051.67724609375,6600.0,6610.0,6550.0,6600.0,75265500
2020-11-24 00:00:00+00:00,6019.583984375,6565.0,6600.0,6545.0,6600.0,72349500
2020-11-25 00:00:00+00:00,5877.4609375,6410.0,6585.0,6380.0,6580.0,170140500
2020-11-26 00:00:00+00:00,5941.646484375,6480.0,6490.0,6300.0,6350.0,64339000
2020-11-27 00:00:00+00:00,5854.5390625,6385.0,6490.0,6380.0,6480.0,87361500
2020-11-30 00:00:00+00:00,5689.49267578125,6205.0,6400.0,6135.0,6385.0,393091500
2020-12-01 00:00:00+00:00,5863.70751953125,6395.0,6435.0,6220.0,6220.0,114563500
2020-12-02 00:00:00+00:00,5914.138671875,6450.0,6485.0,6340.0,6460.0,93897500
2020-12-03 00:00:00+00:00,5923.3076171875,6460.0,6525.0,6425.0,6500.0,98210000
2020-12-04 00:00:00+00:00,5859.12255859375,6390.0,6465.0,6360.0,6460.0,64995500
2020-12-07 00:00:00+00:00,5978.322265625,6520.0,6580.0,6480.0,6500.0,96636000
2020-12-08 00:00:00+00:00,5950.8154296875,6490.0,6520.0,6425.0,6520.0,70561500
2020-12-10 00:00:00+00:00,6047.015625,6575.0,6600.0,6540.0,6590.0,151420500
2020-12-11 00:00:00+00:00,6194.1669921875,6735.0,6780.0,6595.0,6600.0,214160000
2020-12-14 00:00:00+00:00,6272.34130859375,6820.0,6830.0,6795.0,6800.0,179785500
2020-12-15 00:00:00+00:00,6244.75048828125,6790.0,6900.0,6605.0,6830.0,164024500
2020-12-16 00:00:00+00:00,6391.90234375,6950.0,6950.0,6840.0,6860.0,138674000
2020-12-17 00:00:00+00:00,6378.10693359375,6935.0,7000.0,6820.0,6965.0,91920000
2020-12-18 00:00:00+00:00,6253.94775390625,6800.0,6935.0,6755.0,6935.0,147238500
2020-12-21 00:00:00+00:00,6281.53857421875,6830.0,6890.0,6800.0,6890.0,93692500
2020-12-22 00:00:00+00:00,6175.7734375,6715.0,6820.0,6710.0,6740.0,61790500
2020-12-23 00:00:00+00:00,6184.970703125,6725.0,6905.0,6620.0,6905.0,76948000
2020-12-28 00:00:00+00:00,6235.5537109375,6780.0,6820.0,6660.0,6790.0,60234000
2020-12-29 00:00:00+00:00,6221.7578125,6765.0,6810.0,6740.0,6775.0,34212500
2020-12-30 00:00:00+00:00,6226.3564453125,6770.0,6800.0,6700.0,6800.0,52675500
2021-01-04 00:00:00+00:00,6286.13720703125,6835.0,6855.0,6720.0,6800.0,47937000
2021-01-05 00:00:00+00:00,6520.6591796875,7090.0,7090.0,6850.0,6860.0,104831000
2021-01-06 00:00:00+00:00,6387.3046875,6945.0,7075.0,6880.0,7050.0,89753500
2021-01-07 00:00:00+00:00,6405.69775390625,6965.0,7050.0,6910.0,7000.0,71360000
2021-01-08 00:00:00+00:00,6483.87255859375,7050.0,7080.0,6975.0,7035.0,75033500
2021-01-11 00:00:00+00:00,6755.18310546875,7345.0,7360.0,7145.0,7150.0,169034500
2021-01-12 00:00:00+00:00,6585.0390625,7160.0,7380.0,7160.0,7345.0,95235000
2021-01-13 00:00:00+00:00,6548.25048828125,7120.0,7275.0,7070.0,7245.0,76581500
2021-01-14 00:00:00+00:00,6456.28173828125,7020.0,7090.0,6995.0,7050.0,89319500
2021-01-15 00:00:00+00:00,6396.5009765625,6955.0,7100.0,6840.0,7095.0,89853500
2021-01-18 00:00:00+00:00,6548.25048828125,7120.0,7125.0,6845.0,6955.0,86343000
2021-01-19 00:00:00+00:00,6525.2587890625,7095.0,7120.0,7005.0,7120.0,73777000
2021-01-20 00:00:00+00:00,6525.2587890625,7095.0,7295.0,7070.0,7165.0,107216000
2021-01-21 00:00:00+00:00,6506.86474609375,7075.0,7300.0,7060.0,7280.0,66428000
2021-01-22 00:00:00+00:00,6511.46337890625,7080.0,7160.0,7075.0,7075.0,80829000
2021-01-25 00:00:00+00:00,6470.0771484375,7035.0,7200.0,7000.0,7200.0,76836500
2021-01-26 00:00:00+00:00,6272.34130859375,6820.0,7000.0,6820.0,6955.0,98658000
2021-01-27 00:00:00+00:00,6244.75048828125,6790.0,6930.0,6705.0,6820.0,97920000
2021-01-28 00:00:00+00:00,6345.91796875,6900.0,6925.0,6790.0,6790.0,104627000
2021-01-29 00:00:00+00:00,6217.1591796875,6760.0,7000.0,6760.0,6900.0,132762500
2021-02-01 00:00:00+00:00,6272.34130859375,6820.0,6920.0,6595.0,6760.0,113129000
2021-02-02 00:00:00+00:00,6253.94775390625,6800.0,6980.0,6800.0,6965.0,86741000
2021-02-03 00:00:00+00:00,6276.9404296875,6825.0,7000.0,6825.0,7000.0,67291000
2021-02-04 00:00:00+00:00,6304.53125,6855.0,7000.0,6835.0,6920.0,80950500
2021-02-05 00:00:00+00:00,6359.71337890625,6915.0,6950.0,6855.0,6870.0,51602000
2021-02-08 00:00:00+00:00,6364.3115234375,6920.0,7055.0,6880.0,7050.0,45604000
2021-02-09 00:00:00+00:00,6419.4931640625,6980.0,7030.0,6955.0,7000.0,75574000
2021-02-10 00:00:00+00:00,6364.3115234375,6920.0,7050.0,6900.0,7050.0,44984500
2021-02-11 00:00:00+00:00,6327.5234375,6880.0,6985.0,6840.0,6985.0,36926000
2021-02-15 00:00:00+00:00,6253.94775390625,6800.0,6890.0,6720.0,6830.0,83922000
2021-02-16 00:00:00+00:00,6382.70556640625,6940.0,6945.0,6830.0,6880.0,47221000
2021-02-17 00:00:00+00:00,6345.91796875,6900.0,6960.0,6850.0,6890.0,66011500
2021-02-18 00:00:00+00:00,6194.1669921875,6735.0,6900.0,6735.0,6850.0,91204000
2021-02-19 00:00:00+00:00,6276.9404296875,6825.0,6850.0,6760.0,6780.0,70487500
2021-02-22 00:00:00+00:00,6244.75048828125,6790.0,6940.0,6790.0,6900.0,68913000
2021-02-23 00:00:00+00:00,6276.9404296875,6825.0,6845.0,6775.0,6820.0,58360000
2021-02-24 00:00:00+00:00,6184.970703125,6725.0,6835.0,6725.0,6825.0,71869000
2021-02-25 00:00:00+00:00,6166.5771484375,6705.0,6770.0,6680.0,6740.0,78688000
2021-02-26 00:00:00+00:00,6171.1748046875,6710.0,6810.0,6645.0,6705.0,173631500
2021-03-01 00:00:00+00:00,6479.2734375,7045.0,7045.0,6800.0,6830.0,205539000
2021-03-02 00:00:00+00:00,6451.6826171875,7015.0,7160.0,7000.0,7120.0,81446500
2021-03-03 00:00:00+00:00,6437.8876953125,7000.0,7085.0,7000.0,7065.0,84470000
2021-03-04 00:00:00+00:00,6180.3720703125,6720.0,7000.0,6720.0,6905.0,120802500
2021-03-05 00:00:00+00:00,6253.94775390625,6800.0,6925.0,6720.0,6720.0,111871500
2021-03-08 00:00:00+00:00,6180.3720703125,6720.0,6950.0,6720.0,6950.0,90883000
2021-03-09 00:00:00+00:00,6074.6064453125,6605.0,6715.0,6600.0,6700.0,135582000
2021-03-10 00:00:00+00:00,6166.5771484375,6705.0,6720.0,6620.0,6720.0,50302000
2021-03-12 00:00:00+00:00,6221.7578125,6765.0,6880.0,6715.0,6875.0,74328000
2021-03-15 00:00:00+00:00,6129.7890625,6665.0,6820.0,6665.0,6815.0,57416000
2021-03-16 00:00:00+00:00,6092.99951171875,6625.0,6710.0,6620.0,6710.0,70755500
2021-03-17 00:00:00+00:00,6079.20458984375,6610.0,6665.0,6605.0,6650.0,71474500
2021-03-18 00:00:00+00:00,6166.5771484375,6705.0,6720.0,6610.0,6620.0,70067500
2021-03-19 00:00:00+00:00,6217.1591796875,6760.0,6770.0,6625.0,6770.0,125853000
2021-03-22 00:00:00+00:00,6088.40234375,6620.0,6680.0,6610.0,6640.0,67523500
2021-03-23 00:00:00+00:00,6037.81884765625,6565.0,6720.0,6555.0,6720.0,127762500
2021-03-24 00:00:00+00:00,5922.85595703125,6440.0,6550.0,6420.0,6515.0,152050000
2021-03-25 00:00:00+00:00,5858.47802734375,6370.0,6440.0,6330.0,6400.0,119101500
2021-03-26 00:00:00+00:00,5899.86376953125,6415.0,6445.0,6300.0,6370.0,134467500
2021-03-29 00:00:00+00:00,5849.28076171875,6360.0,6515.0,6360.0,6410.0,113370500
2021-03-30 00:00:00+00:00,5881.4697265625,6395.0,6455.0,6370.0,6370.0,83115500
2021-03-31 00:00:00+00:00,5715.92431640625,6215.0,6395.0,6145.0,6390.0,223390500
2021-04-01 00:00:00+00:00,5725.12109375,6225.0,6270.0,6155.0,6215.0,112286000
2021-04-05 00:00:00+00:00,5660.7421875,6155.0,6290.0,6155.0,6250.0,73311500
2021-04-06 00:00:00+00:00,5669.93896484375,6165.0,6170.0,6080.0,6135.0,80215000
2021-04-07 00:00:00+00:00,5748.11376953125,6250.0,6275.0,6135.0,6155.0,107908000
2021-04-08 00:00:00+00:00,5721.44091796875,6135.0,6215.0,6125.0,6200.0,123697500
2021-04-09 00:00:00+00:00,5782.06005859375,6200.0,6320.0,6145.0,6315.0,116961000
2021-04-12 00:00:00+00:00,5656.15966796875,6065.0,6295.0,6060.0,6295.0,110411500
2021-04-13 00:00:00+00:00,5595.54150390625,6000.0,6060.0,5980.0,6050.0,119211500
2021-04-14 00:00:00+00:00,5879.98193359375,6305.0,6305.0,6060.0,6105.0,135519500
2021-04-15 00:00:00+00:00,5856.6669921875,6280.0,6310.0,6180.0,6305.0,102686500
2021-04-16 00:00:00+00:00,5852.00390625,6275.0,6370.0,6215.0,6370.0,79293500
2021-04-19 00:00:00+00:00,5847.3408203125,6270.0,6280.0,6230.0,6275.0,47095000
2021-04-20 00:00:00+00:00,5814.70068359375,6235.0,6250.0,6185.0,6200.0,72721000
2021-04-21 00:00:00+00:00,5749.4189453125,6165.0,6225.0,6165.0,6200.0,68397000
2021-04-22 00:00:00+00:00,5796.048828125,6215.0,6275.0,6180.0,6200.0,63758000
2021-04-23 00:00:00+00:00,5959.251953125,6390.0,6395.0,6225.0,6280.0,108498500
2021-04-26 00:00:00+00:00,5861.33056640625,6285.0,6400.0,6280.0,6395.0,108742000
2021-04-27 00:00:00+00:00,5973.24072265625,6405.0,6435.0,6355.0,6370.0,132650000
2021-04-28 00:00:00+00:00,5893.970703125,6320.0,6405.0,6315.0,6400.0,87660000
2021-04-29 00:00:00+00:00,5977.9033203125,6410.0,6460.0,6360.0,6460.0,57355000
2021-04-30 00:00:00+00:00,5973.24072265625,6405.0,6450.0,6380.0,6450.0,65829500
2021-05-03 00:00:00+00:00,5959.251953125,6390.0,6480.0,6345.0,6480.0,42065500
2021-05-04 00:00:00+00:00,5968.57763671875,6400.0,6430.0,6340.0,6350.0,50123500
2021-05-05 00:00:00+00:00,5991.89306640625,6425.0,6430.0,6400.0,6420.0,51685000
2021-05-06 00:00:00+00:00,5991.89306640625,6425.0,6450.0,6400.0,6400.0,38115500
2021-05-07 00:00:00+00:00,5968.57763671875,6400.0,6460.0,6385.0,6460.0,48864000
2021-05-10 00:00:00+00:00,5987.2294921875,6420.0,6420.0,6395.0,6400.0,68180500
2021-05-11 00:00:00+00:00,6043.18603515625,6480.0,6480.0,6305.0,6400.0,70680000
2021-05-17 00:00:00+00:00,6061.8369140625,6500.0,6500.0,6375.0,6500.0,129058500
2021-05-18 00:00:00+00:00,5959.251953125,6390.0,6455.0,6365.0,6400.0,73563000
2021-05-19 00:00:00+00:00,5917.28564453125,6345.0,6400.0,6335.0,6380.0,64912500
2021-05-20 00:00:00+00:00,5949.92578125,6380.0,6435.0,6350.0,6390.0,64950000
2021-05-21 00:00:00+00:00,5931.2744140625,6360.0,6450.0,6260.0,6450.0,92620000
2021-05-24 00:00:00+00:00,5898.63427734375,6325.0,6380.0,6290.0,6355.0,59210000
2021-05-25 00:00:00+00:00,5926.61181640625,6355.0,6440.0,6300.0,6300.0,87470000
2021-05-27 00:00:00+00:00,5847.3408203125,6270.0,6480.0,6270.0,6440.0,537971500
2021-05-28 00:00:00+00:00,5912.623046875,6340.0,6370.0,6330.0,6330.0,102108500
2021-05-31 00:00:00+00:00,5945.26318359375,6375.0,6390.0,6325.0,6360.0,101442000
2021-06-02 00:00:00+00:00,6029.1962890625,6465.0,6515.0,6420.0,6500.0,141732500
2021-06-03 00:00:00+00:00,6155.09619140625,6600.0,6600.0,6430.0,6495.0,133810500
2021-06-04 00:00:00+00:00,6136.4443359375,6580.0,6620.0,6500.0,6620.0,62108500
2021-06-07 00:00:00+00:00,6089.81494140625,6530.0,6570.0,6430.0,6560.0,62576000
2021-06-08 00:00:00+00:00,5996.5556640625,6430.0,6575.0,6430.0,6575.0,64348000
2021-06-09 00:00:00+00:00,6089.81494140625,6530.0,6535.0,6360.0,6360.0,77198000
2021-06-10 00:00:00+00:00,6173.748046875,6620.0,6620.0,6490.0,6555.0,73262500
2021-06-11 00:00:00+00:00,6033.859375,6470.0,6580.0,6460.0,6570.0,72780500
2021-06-14 00:00:00+00:00,5977.9033203125,6410.0,6520.0,6400.0,6520.0,61478500
2021-06-15 00:00:00+00:00,6033.859375,6470.0,6470.0,6405.0,6445.0,87799000
2021-06-16 00:00:00+00:00,5954.5888671875,6385.0,6435.0,6360.0,6420.0,48984000
2021-06-17 00:00:00+00:00,5903.29638671875,6330.0,6390.0,6275.0,6390.0,68448500
2021-06-18 00:00:00+00:00,5898.63427734375,6325.0,6345.0,6280.0,6300.0,118043000
2021-06-21 00:00:00+00:00,5828.689453125,6250.0,6300.0,6210.0,6300.0,60823500
2021-06-22 00:00:00+00:00,5912.623046875,6340.0,6390.0,6240.0,6250.0,65824000
2021-06-23 00:00:00+00:00,5810.03759765625,6230.0,6340.0,6230.0,6295.0,52451000
2021-06-24 00:00:00+00:00,5791.38623046875,6210.0,6310.0,6200.0,6310.0,56010000
2021-06-25 00:00:00+00:00,5772.73388671875,6190.0,6260.0,6190.0,6230.0,68939500
2021-06-28 00:00:00+00:00,5646.83447265625,6055.0,6150.0,6055.0,6100.0,84420500
2021-06-29 00:00:00+00:00,5637.5087890625,6045.0,6090.0,6040.0,6050.0,53704000
2021-06-30 00:00:00+00:00,5618.85693359375,6025.0,6070.0,6000.0,6000.0,65795000
2021-07-01 00:00:00+00:00,5618.85693359375,6025.0,6075.0,6000.0,6060.0,58153000
2021-07-02 00:00:00+00:00,5688.8017578125,6100.0,6140.0,6040.0,6070.0,67392500
2021-07-05 00:00:00+00:00,5698.126953125,6110.0,6130.0,6070.0,6100.0,39710500
2021-07-06 00:00:00+00:00,5646.83447265625,6055.0,6110.0,6055.0,6110.0,34279500
2021-07-07 00:00:00+00:00,5656.15966796875,6065.0,6180.0,6030.0,6180.0,35595000
2021-07-08 00:00:00+00:00,5609.53076171875,6015.0,6040.0,5980.0,6000.0,47297000
2021-07-09 00:00:00+00:00,5614.19287109375,6020.0,6020.0,5990.0,6010.0,40707500
2021-07-12 00:00:00+00:00,5754.08203125,6170.0,6180.0,6020.0,6070.0,65981500
2021-07-13 00:00:00+00:00,5637.5087890625,6045.0,6175.0,6015.0,6170.0,65946500
2021-07-14 00:00:00+00:00,5586.21630859375,5990.0,6030.0,5980.0,6020.0,59321000
2021-07-15 00:00:00+00:00,5702.7900390625,6115.0,6115.0,5995.0,6000.0,49724000
2021-07-16 00:00:00+00:00,5698.126953125,6110.0,6170.0,6055.0,6170.0,47998500
2021-07-19 00:00:00+00:00,5600.205078125,6005.0,6110.0,6005.0,6110.0,47119000
2021-07-21 00:00:00+00:00,5604.86767578125,6010.0,6120.0,6010.0,6050.0,55009500
2021-07-22 00:00:00+00:00,5740.09326171875,6155.0,6155.0,6050.0,6115.0,60792000
2021-07-23 00:00:00+00:00,5628.18212890625,6035.0,6190.0,6025.0,6180.0,79938000
2021-07-26 00:00:00+00:00,5600.205078125,6005.0,6060.0,6005.0,6040.0,48171500
2021-07-27 00:00:00+00:00,5600.205078125,6005.0,6060.0,6000.0,6005.0,53107500
2021-07-28 00:00:00+00:00,5576.89013671875,5980.0,6010.0,5970.0,6005.0,74133000
2021-07-29 00:00:00+00:00,5632.84521484375,6040.0,6085.0,5980.0,6055.0,84605000
2021-07-30 00:00:00+00:00,5567.564453125,5970.0,6100.0,5960.0,6040.0,105685000
2021-08-02 00:00:00+00:00,5558.23828125,5960.0,6065.0,5905.0,6060.0,119981500
2021-08-03 00:00:00+00:00,5730.767578125,6145.0,6180.0,5985.0,6025.0,110071500
2021-08-04 00:00:00+00:00,5707.453125,6120.0,6150.0,6060.0,6145.0,41112000
2021-08-05 00:00:00+00:00,5875.31884765625,6300.0,6310.0,6140.0,6170.0,93768000
2021-08-06 00:00:00+00:00,5744.75634765625,6160.0,6360.0,6135.0,6360.0,67285000
2021-08-09 00:00:00+00:00,5782.06005859375,6200.0,6200.0,6105.0,6135.0,52858500
2021-08-10 00:00:00+00:00,5875.31884765625,6300.0,6300.0,6115.0,6250.0,60446000
2021-08-12 00:00:00+00:00,5875.31884765625,6300.0,6320.0,6120.0,6120.0,118325500
2021-08-13 00:00:00+00:00,5977.9033203125,6410.0,6435.0,6325.0,6350.0,86929000
2021-08-16 00:00:00+00:00,5987.2294921875,6420.0,6420.0,6305.0,6420.0,69282000
2021-08-18 00:00:00+00:00,6155.09619140625,6600.0,6760.0,6460.0,6520.0,186354500
2021-08-19 00:00:00+00:00,6155.09619140625,6600.0,6600.0,6530.0,6600.0,100926000
2021-08-20 00:00:00+00:00,6155.09619140625,6600.0,6600.0,6510.0,6600.0,120163500
2021-08-23 00:00:00+00:00,6145.7705078125,6590.0,6590.0,6515.0,6515.0,68253000
2021-08-24 00:00:00+00:00,6155.09619140625,6600.0,6600.0,6500.0,6570.0,59561500
2021-08-25 00:00:00+00:00,6155.09619140625,6600.0,6605.0,6585.0,6600.0,80751500
2021-08-26 00:00:00+00:00,6117.79248046875,6560.0,6580.0,6470.0,6560.0,74337000
2021-08-27 00:00:00+00:00,6071.16357421875,6510.0,6530.0,6490.0,6490.0,71572500
2021-08-30 00:00:00+00:00,6122.45556640625,6565.0,6580.0,6520.0,6530.0,74564500
2021-08-31 00:00:00+00:00,6108.46630859375,6550.0,6570.0,6515.0,6520.0,115373500
2021-09-01 00:00:00+00:00,6122.45556640625,6565.0,6600.0,6535.0,6550.0,67362500
2021-09-02 00:00:00+00:00,6099.14013671875,6540.0,6575.0,6455.0,6525.0,53257000
2021-09-03 00:00:00+00:00,6155.09619140625,6600.0,6600.0,6515.0,6560.0,35764500
2021-09-06 00:00:00+00:00,6131.78125,6575.0,6605.0,6550.0,6600.0,36780000
2021-09-07 00:00:00+00:00,6127.1181640625,6570.0,6605.0,6570.0,6595.0,53902000
2021-09-08 00:00:00+00:00,6005.88134765625,6440.0,6595.0,6420.0,6550.0,77888000
2021-09-09 00:00:00+00:00,6127.1181640625,6570.0,6570.0,6410.0,6410.0,110074000
2021-09-10 00:00:00+00:00,6080.48876953125,6520.0,6565.0,6495.0,6495.0,41483500
2021-09-13 00:00:00+00:00,6113.12939453125,6555.0,6560.0,6525.0,6560.0,29929000
2021-09-14 00:00:00+00:00,6103.80322265625,6545.0,6595.0,6495.0,6590.0,51990500
2021-09-15 00:00:00+00:00,6057.173828125,6495.0,6550.0,6485.0,6545.0,44514000
2021-09-16 00:00:00+00:00,6061.8369140625,6500.0,6580.0,6480.0,6580.0,58672500
2021-09-17 00:00:00+00:00,6080.48876953125,6520.0,6535.0,6480.0,6490.0,117540000
2021-09-20 00:00:00+00:00,6141.107421875,6585.0,6590.0,6510.0,6570.0,73157500
2021-09-21 00:00:00+00:00,6052.51123046875,6490.0,6535.0,6470.0,6510.0,57115500
2021-09-22 00:00:00+00:00,6113.12939453125,6555.0,6580.0,6500.0,6500.0,68722000
2021-09-23 00:00:00+00:00,6136.4443359375,6580.0,6590.0,6545.0,6555.0,60998500
2021-09-24 00:00:00+00:00,6141.107421875,6585.0,6585.0,6500.0,6500.0,60539500
2021-09-27 00:00:00+00:00,6136.4443359375,6580.0,6595.0,6555.0,6585.0,55052500
2021-09-28 00:00:00+00:00,6080.48876953125,6520.0,6560.0,6500.0,6540.0,80186000
2021-09-29 00:00:00+00:00,6136.4443359375,6580.0,6580.0,6515.0,6520.0,74079000
2021-09-30 00:00:00+00:00,6528.13232421875,7000.0,7000.0,6595.0,6600.0,156848000
2021-10-01 00:00:00+00:00,6304.31005859375,6760.0,6900.0,6710.0,6900.0,103954500
2021-10-04 00:00:00+00:00,6490.8291015625,6960.0,6960.0,6740.0,6740.0,74719000
2021-10-05 00:00:00+00:00,6476.84033203125,6945.0,6945.0,6860.0,6910.0,54986500
2021-10-06 00:00:00+00:00,6695.99853515625,7180.0,7180.0,6970.0,6980.0,174312000
2021-10-07 00:00:00+00:00,6677.3466796875,7160.0,7175.0,7080.0,7175.0,107263500
2021-10-08 00:00:00+00:00,6798.583984375,7290.0,7300.0,7175.0,7200.0,94643500
2021-10-11 00:00:00+00:00,6765.94287109375,7255.0,7290.0,7230.0,7240.0,47201000
2021-10-12 00:00:00+00:00,6826.5615234375,7320.0,7320.0,7245.0,7255.0,91067000
2021-10-13 00:00:00+00:00,7017.7421875,7525.0,8250.0,7400.0,7400.0,210893300
2021-10-14 00:00:00+00:00,7227.57470703125,7750.0,7900.0,7600.0,7600.0,138811900
2021-10-15 00:00:00+00:00,7134.31591796875,7650.0,7875.0,7450.0,7800.0,142378200
2021-10-18 00:00:00+00:00,7017.7421875,7525.0,7675.0,7475.0,7650.0,116644300
2021-10-19 00:00:00+00:00,6994.4267578125,7500.0,7525.0,7350.0,7475.0,134601200
2021-10-21 00:00:00+00:00,6901.16845703125,7400.0,7550.0,7350.0,7500.0,106120100
2021-10-22 00:00:00+00:00,7017.7421875,7525.0,7550.0,7425.0,7450.0,96730700
2021-10-25 00:00:00+00:00,7017.7421875,7525.0,7525.0,7400.0,7400.0,60329800
2021-10-26 00:00:00+00:00,7017.7421875,7525.0,7600.0,7500.0,7600.0,70103000
2021-10-27 00:00:00+00:00,6947.7978515625,7450.0,7575.0,7425.0,7575.0,57067000
2021-10-28 00:00:00+00:00,6877.853515625,7375.0,7425.0,7350.0,7350.0,75271900
2021-10-29 00:00:00+00:00,6971.11279296875,7475.0,7475.0,7375.0,7450.0,60639200
2021-11-01 00:00:00+00:00,6901.16845703125,7400.0,7550.0,7400.0,7550.0,38593400
2021-11-02 00:00:00+00:00,6807.9091796875,7300.0,7425.0,7250.0,7375.0,90535400
2021-11-03 00:00:00+00:00,6854.5390625,7350.0,7400.0,7250.0,7300.0,61621500
2021-11-04 00:00:00+00:00,6877.853515625,7375.0,7475.0,7375.0,7425.0,61081400
2021-11-05 00:00:00+00:00,6947.7978515625,7450.0,7475.0,7375.0,7475.0,43120400
2021-11-08 00:00:00+00:00,7064.37109375,7575.0,7600.0,7450.0,7500.0,85441700
2021-11-09 00:00:00+00:00,7157.63134765625,7675.0,7675.0,7575.0,7600.0,101785800
2021-11-10 00:00:00+00:00,7134.31591796875,7650.0,7675.0,7575.0,7675.0,47503900
2021-11-11 00:00:00+00:00,7157.63134765625,7675.0,7750.0,7600.0,7700.0,55790000
2021-11-12 00:00:00+00:00,7017.7421875,7525.0,7750.0,7525.0,7750.0,52590100
2021-11-15 00:00:00+00:00,6994.4267578125,7500.0,7625.0,7500.0,7625.0,67344200
2021-11-16 00:00:00+00:00,6971.11279296875,7475.0,7475.0,7325.0,7400.0,98616900
2021-11-17 00:00:00+00:00,7088.0771484375,7575.0,7575.0,7425.0,7500.0,61968100
2021-11-18 00:00:00+00:00,6924.32666015625,7400.0,7500.0,7400.0,7425.0,78839600
2021-11-19 00:00:00+00:00,6947.7197265625,7425.0,7450.0,7375.0,7425.0,68203700
2021-11-22 00:00:00+00:00,6994.505859375,7475.0,7525.0,7400.0,7425.0,66328300
2021-11-23 00:00:00+00:00,6994.505859375,7475.0,7500.0,7400.0,7400.0,43477500
2021-11-24 00:00:00+00:00,6994.505859375,7475.0,7575.0,7425.0,7575.0,35181400
2021-11-25 00:00:00+00:00,6947.7197265625,7425.0,7525.0,7425.0,7450.0,40216100
2021-11-26 00:00:00+00:00,6807.36181640625,7275.0,7450.0,7250.0,7400.0,113288400
2021-11-29 00:00:00+00:00,6924.32666015625,7400.0,7425.0,7175.0,7275.0,87907900
2021-11-30 00:00:00+00:00,6807.36181640625,7275.0,7425.0,7275.0,7325.0,144923700
2021-12-01 00:00:00+00:00,6830.75439453125,7300.0,7450.0,7275.0,7275.0,76538100
2021-12-02 00:00:00+00:00,7017.89794921875,7500.0,7500.0,7300.0,7375.0,66831000
2021-12-03 00:00:00+00:00,6900.93359375,7375.0,7525.0,7350.0,7525.0,63283700
2021-12-06 00:00:00+00:00,6877.541015625,7350.0,7475.0,7350.0,7450.0,56944100
2021-12-07 00:00:00+00:00,6877.541015625,7350.0,7475.0,7350.0,7450.0,51258200
2021-12-08 00:00:00+00:00,6947.7197265625,7425.0,7475.0,7400.0,7450.0,74775000
2021-12-09 00:00:00+00:00,6877.541015625,7350.0,7450.0,7350.0,7400.0,54886400
2021-12-10 00:00:00+00:00,6900.93359375,7375.0,7375.0,7275.0,7325.0,91092400
2021-12-13 00:00:00+00:00,6830.75439453125,7300.0,7400.0,7300.0,7375.0,59977100
2021-12-14 00:00:00+00:00,6830.75439453125,7300.0,7375.0,7275.0,7300.0,49763600
2021-12-15 00:00:00+00:00,6830.75439453125,7300.0,7375.0,7275.0,7300.0,52477600
2021-12-16 00:00:00+00:00,6807.36181640625,7275.0,7400.0,7275.0,7375.0,95171400
2021-12-17 00:00:00+00:00,7017.89794921875,7500.0,7500.0,7300.0,7325.0,107096800
2021-12-20 00:00:00+00:00,6900.93359375,7375.0,7400.0,7325.0,7350.0,74753000
2021-12-21 00:00:00+00:00,6900.93359375,7375.0,7400.0,7325.0,7325.0,52386100
2021-12-22 00:00:00+00:00,6854.1474609375,7325.0,7425.0,7325.0,7425.0,33232000
2021-12-23 00:00:00+00:00,6830.75439453125,7300.0,7350.0,7300.0,7325.0,37136400
2021-12-24 00:00:00+00:00,6830.75439453125,7300.0,7350.0,7300.0,7300.0,30802100
2021-12-27 00:00:00+00:00,6877.541015625,7350.0,7350.0,7300.0,7300.0,20722100
2021-12-28 00:00:00+00:00,6877.541015625,7350.0,7400.0,7325.0,7375.0,39343800
2021-12-29 00:00:00+00:00,6830.75439453125,7300.0,7375.0,7300.0,7350.0,42079500
2021-12-30 00:00:00+00:00,6830.75439453125,7300.0,7350.0,7300.0,7350.0,49954700
2022-01-03 00:00:00+00:00,6854.1474609375,7325.0,7400.0,7300.0,7325.0,54287400
2022-01-04 00:00:00+00:00,6924.32666015625,7400.0,7450.0,7325.0,7325.0,70624000
2022-01-05 00:00:00+00:00,6971.1123046875,7450.0,7525.0,7375.0,7450.0,76164900
2022-01-06 00:00:00+00:00,6994.505859375,7475.0,7525.0,7425.0,7500.0,63657100
2022-01-07 00:00:00+00:00,7158.2568359375,7650.0,7700.0,7500.0,7550.0,143433300
2022-01-10 00:00:00+00:00,7111.4697265625,7600.0,7650.0,7550.0,7575.0,45351900
2022-01-11 00:00:00+00:00,7205.04296875,7700.0,7700.0,7625.0,7650.0,110334600
2022-01-12 00:00:00+00:00,7205.04296875,7700.0,7700.0,7650.0,7700.0,62606000
2022-01-13 00:00:00+00:00,7205.04296875,7700.0,7750.0,7650.0,7700.0,50025200
2022-01-14 00:00:00+00:00,7345.400390625,7850.0,7850.0,7650.0,7700.0,65898700
2022-01-17 00:00:00+00:00,7251.82861328125,7750.0,7900.0,7700.0,7900.0,63902600
2022-01-18 00:00:00+00:00,7181.64990234375,7675.0,7775.0,7550.0,7775.0,71476300
2022-01-19 00:00:00+00:00,7181.64990234375,7675.0,7725.0,7575.0,7650.0,60389700
2022-01-20 00:00:00+00:00,7275.2216796875,7775.0,7775.0,7625.0,7725.0,59925500
2022-01-21 00:00:00+00:00,7438.9716796875,7950.0,7950.0,7700.0,7775.0,63370500
2022-01-24 00:00:00+00:00,7298.6142578125,7800.0,7850.0,7775.0,7825.0,40278300
2022-01-25 00:00:00+00:00,7275.2216796875,7775.0,7775.0,7625.0,7675.0,106796900
2022-01-26 00:00:00+00:00,7205.04296875,7700.0,7750.0,7650.0,7700.0,53350200
2022-01-27 00:00:00+00:00,7298.6142578125,7800.0,7800.0,7625.0,7625.0,71945100
2022-01-28 00:00:00+00:00,7275.2216796875,7775.0,7825.0,7700.0,7800.0,70595000
2022-01-31 00:00:00+00:00,7134.86328125,7625.0,7775.0,7625.0,7775.0,68122000
2022-02-02 00:00:00+00:00,7298.6142578125,7800.0,7800.0,7675.0,7775.0,65308100
2022-02-03 00:00:00+00:00,7228.43505859375,7725.0,7825.0,7700.0,7800.0,35100600
2022-02-04 00:00:00+00:00,7228.43505859375,7725.0,7800.0,7700.0,7750.0,39324700
2022-02-07 00:00:00+00:00,7298.6142578125,7800.0,7800.0,7700.0,7775.0,56813200
2022-02-08 00:00:00+00:00,7228.43505859375,7725.0,7850.0,7725.0,7750.0,61883100
2022-02-09 00:00:00+00:00,7438.9716796875,7950.0,7950.0,7800.0,7850.0,108922200
2022-02-10 00:00:00+00:00,7251.82861328125,7750.0,7950.0,7750.0,7950.0,93277000
2022-02-11 00:00:00+00:00,7322.00732421875,7825.0,7825.0,7650.0,7675.0,71968800
2022-02-14 00:00:00+00:00,7205.04296875,7700.0,7775.0,7700.0,7750.0,57710700
2022-02-15 00:00:00+00:00,7368.79345703125,7875.0,7875.0,7725.0,7750.0,55617000
2022-02-16 00:00:00+00:00,7462.36572265625,7975.0,7975.0,7825.0,7850.0,77055100
2022-02-17 00:00:00+00:00,7392.1865234375,7900.0,7925.0,7800.0,7850.0,48704600
2022-02-18 00:00:00+00:00,7415.5791015625,7925.0,7950.0,7850.0,7950.0,56813400
2022-02-21 00:00:00+00:00,7438.9716796875,7950.0,7975.0,7900.0,7925.0,43821700
2022-02-22 00:00:00+00:00,7392.1865234375,7900.0,7950.0,7850.0,7900.0,80095500
2022-02-23 00:00:00+00:00,7532.54443359375,8050.0,8100.0,7875.0,7900.0,99240300
2022-02-24 00:00:00+00:00,7485.7587890625,8000.0,8150.0,7925.0,8125.0,124947700
2022-02-25 00:00:00+00:00,7532.54443359375,8050.0,8175.0,7925.0,7950.0,135899900
2022-03-01 00:00:00+00:00,7532.54443359375,8050.0,8175.0,8000.0,8000.0,136616800
2022-03-02 00:00:00+00:00,7462.36572265625,7975.0,8225.0,7975.0,8225.0,100301000
2022-03-04 00:00:00+00:00,7392.1865234375,7900.0,8025.0,7900.0,7975.0,132983400
2022-03-07 00:00:00+00:00,7205.04296875,7700.0,7850.0,7700.0,7800.0,130990900
2022-03-08 00:00:00+00:00,7158.2568359375,7650.0,7850.0,7650.0,7700.0,119256500
2022-03-09 00:00:00+00:00,7345.400390625,7850.0,7950.0,7650.0,7700.0,132814500
2022-03-10 00:00:00+00:00,7415.5791015625,7925.0,7975.0,7800.0,7925.0,86484000
2022-03-11 00:00:00+00:00,7438.9716796875,7950.0,7950.0,7725.0,7725.0,61053900
2022-03-14 00:00:00+00:00,7555.9375,8075.0,8100.0,7950.0,8050.0,78432100
2022-03-15 00:00:00+00:00,7626.11669921875,8150.0,8200.0,8075.0,8150.0,111214500
2022-03-16 00:00:00+00:00,7672.90234375,8200.0,8275.0,8075.0,8275.0,149761300
2022-03-17 00:00:00+00:00,7485.7587890625,8000.0,8300.0,8000.0,8300.0,132439400
2022-03-18 00:00:00+00:00,7392.1865234375,7900.0,8100.0,7900.0,8000.0,143981700
2022-03-21 00:00:00+00:00,7392.1865234375,7900.0,7950.0,7800.0,7800.0,85485500
2022-03-22 00:00:00+00:00,7415.5791015625,7925.0,7950.0,7875.0,7900.0,60010900
2022-03-23 00:00:00+00:00,7392.1865234375,7900.0,7950.0,7825.0,7925.0,82208000
2022-03-24 00:00:00+00:00,7415.5791015625,7925.0,7950.0,7800.0,7850.0,95245100
2022-03-25 00:00:00+00:00,7438.9716796875,7950.0,7950.0,7900.0,7900.0,85101200
2022-03-28 00:00:00+00:00,7505.4765625,7900.0,7900.0,7800.0,7825.0,83911500
2022-03-29 00:00:00+00:00,7457.9736328125,7850.0,7900.0,7825.0,7875.0,62180600
2022-03-30 00:00:00+00:00,7481.72509765625,7875.0,7900.0,7825.0,7900.0,71430600
2022-03-31 00:00:00+00:00,7576.7314453125,7975.0,8000.0,7875.0,7925.0,112691900
2022-04-01 00:00:00+00:00,7529.22802734375,7925.0,8075.0,7850.0,8075.0,105575400
2022-04-04 00:00:00+00:00,7505.4765625,7900.0,7925.0,7825.0,7925.0,57321200
2022-04-05 00:00:00+00:00,7505.4765625,7900.0,7900.0,7850.0,7900.0,48528300
2022-04-06 00:00:00+00:00,7362.9677734375,7750.0,7850.0,7750.0,7825.0,119263000
2022-04-07 00:00:00+00:00,7362.9677734375,7750.0,7825.0,7700.0,7725.0,68619400
2022-04-08 00:00:00+00:00,7457.9736328125,7850.0,7875.0,7775.0,7800.0,69791600
2022-04-11 00:00:00+00:00,7339.2158203125,7725.0,7875.0,7725.0,7825.0,62776200
2022-04-12 00:00:00+00:00,7410.47021484375,7800.0,7800.0,7700.0,7725.0,73471300
2022-04-13 00:00:00+00:00,7410.47021484375,7800.0,7850.0,7750.0,7800.0,57622100
2022-04-14 00:00:00+00:00,7315.46484375,7700.0,7800.0,7700.0,7800.0,93342900
2022-04-18 00:00:00+00:00,7315.46484375,7700.0,7725.0,7625.0,7700.0,68464700
2022-04-19 00:00:00+00:00,7244.2099609375,7625.0,7700.0,7625.0,7700.0,98632000
2022-04-20 00:00:00+00:00,7267.9619140625,7650.0,7725.0,7625.0,7725.0,124388800
2022-04-21 00:00:00+00:00,7529.22802734375,7925.0,7925.0,7750.0,7800.0,129323400
2022-04-22 00:00:00+00:00,7481.72509765625,7875.0,7925.0,7800.0,7850.0,85956100
2022-04-25 00:00:00+00:00,7600.48291015625,8000.0,8000.0,7825.0,7875.0,91279600
2022-04-26 00:00:00+00:00,7719.240234375,8125.0,8125.0,7925.0,7925.0,128360900
2022-04-27 00:00:00+00:00,7790.49462890625,8200.0,8200.0,8075.0,8075.0,89463100
2022-04-28 00:00:00+00:00,7719.240234375,8125.0,8250.0,8075.0,8250.0,133730600
2022-05-09 00:00:00+00:00,7220.4580078125,7600.0,7900.0,7600.0,7875.0,456796600
2022-05-10 00:00:00+00:00,7149.2041015625,7525.0,7600.0,7250.0,7250.0,268445700
2022-05-11 00:00:00+00:00,7267.9619140625,7650.0,7700.0,7450.0,7525.0,156535200
2022-05-12 00:00:00+00:00,6911.68896484375,7275.0,7550.0,7275.0,7525.0,240529600
2022-05-13 00:00:00+00:00,6959.19189453125,7325.0,7475.0,7250.0,7250.0,212968600
2022-05-17 00:00:00+00:00,7030.44677734375,7400.0,7475.0,7275.0,7275.0,159657600
2022-05-18 00:00:00+00:00,7196.70654296875,7575.0,7575.0,7375.0,7500.0,153514300
2022-05-19 00:00:00+00:00,7077.94921875,7450.0,7475.0,7375.0,7400.0,140908900
2022-05-20 00:00:00+00:00,7030.44677734375,7400.0,7475.0,7400.0,7425.0,86520200
2022-05-23 00:00:00+00:00,7006.69482421875,7375.0,7475.0,7350.0,7450.0,71603500
2022-05-24 00:00:00+00:00,6982.94384765625,7350.0,7475.0,7325.0,7325.0,108710800
2022-05-25 00:00:00+00:00,7006.69482421875,7375.0,7450.0,7350.0,7400.0,76747400
2022-05-27 00:00:00+00:00,7196.70654296875,7575.0,7575.0,7475.0,7525.0,84336900
2022-05-30 00:00:00+00:00,7196.70654296875,7575.0,7600.0,7475.0,7575.0,105411400
2022-05-31 00:00:00+00:00,7362.9677734375,7750.0,7750.0,7525.0,7600.0,286292700
2022-06-02 00:00:00+00:00,7196.70654296875,7575.0,7675.0,7525.0,7625.0,149226300
2022-06-03 00:00:00+00:00,7220.4580078125,7600.0,7675.0,7575.0,7600.0,80563100
2022-06-06 00:00:00+00:00,7077.94921875,7450.0,7575.0,7425.0,7550.0,81140300
2022-06-07 00:00:00+00:00,7006.69482421875,7375.0,7475.0,7300.0,7300.0,129242500
2022-06-08 00:00:00+00:00,7220.4580078125,7600.0,7600.0,7425.0,7500.0,108910500
2022-06-09 00:00:00+00:00,7125.4521484375,7500.0,7575.0,7500.0,7500.0,107828300
2022-06-10 00:00:00+00:00,6982.94384765625,7350.0,7450.0,7350.0,7400.0,111768600
2022-06-13 00:00:00+00:00,6982.94384765625,7350.0,7400.0,7275.0,7300.0,85539500
2022-06-14 00:00:00+00:00,7030.44677734375,7400.0,7400.0,7250.0,7300.0,80865100
2022-06-15 00:00:00+00:00,6959.19189453125,7325.0,7375.0,7300.0,7300.0,130367100
2022-06-16 00:00:00+00:00,7196.70654296875,7575.0,7600.0,7375.0,7400.0,132666300
2022-06-17 00:00:00+00:00,7125.4521484375,7500.0,7550.0,7425.0,7425.0,117839400
2022-06-20 00:00:00+00:00,7244.2099609375,7625.0,7650.0,7500.0,7600.0,88138700
2022-06-21 00:00:00+00:00,7267.9619140625,7650.0,7650.0,7550.0,7600.0,44295700
2022-06-22 00:00:00+00:00,7125.4521484375,7500.0,7650.0,7500.0,7625.0,53041800
2022-06-23 00:00:00+00:00,7149.2041015625,7525.0,7575.0,7450.0,7450.0,60443000
2022-06-24 00:00:00+00:00,7101.701171875,7475.0,7600.0,7475.0,7600.0,57956600
2022-06-27 00:00:00+00:00,6982.94384765625,7350.0,7500.0,7350.0,7475.0,76354100
2022-06-28 00:00:00+00:00,6935.4404296875,7300.0,7400.0,7300.0,7300.0,146078100
2022-06-29 00:00:00+00:00,6911.68896484375,7275.0,7400.0,7275.0,7325.0,98517800
2022-06-30 00:00:00+00:00,6887.9375,7250.0,7400.0,7250.0,7300.0,101343900
2022-07-01 00:00:00+00:00,6887.9375,7250.0,7325.0,7250.0,7300.0,68738800
2022-07-04 00:00:00+00:00,6697.92578125,7050.0,7275.0,7000.0,7250.0,102238600
2022-07-05 00:00:00+00:00,6887.9375,7250.0,7325.0,7100.0,7100.0,69172900
2022-07-06 00:00:00+00:00,6935.4404296875,7300.0,7325.0,7175.0,7300.0,66801100
2022-07-07 00:00:00+00:00,6745.42822265625,7100.0,7250.0,7100.0,7225.0,86126800
2022-07-08 00:00:00+00:00,6792.93115234375,7150.0,7175.0,7075.0,7125.0,64312400
2022-07-11 00:00:00+00:00,6769.18017578125,7125.0,7200.0,7125.0,7200.0,36830800
2022-07-12 00:00:00+00:00,6816.68310546875,7175.0,7250.0,7150.0,7175.0,34269000
2022-07-13 00:00:00+00:00,6650.42236328125,7000.0,7125.0,7000.0,7100.0,71988200
2022-07-14 00:00:00+00:00,6674.173828125,7025.0,7100.0,7000.0,7025.0,83316300
2022-07-15 00:00:00+00:00,6650.42236328125,7000.0,7100.0,7000.0,7100.0,57419900
2022-07-18 00:00:00+00:00,6792.93115234375,7150.0,7150.0,7025.0,7025.0,60077700
2022-07-19 00:00:00+00:00,6816.68310546875,7175.0,7175.0,7100.0,7100.0,59641000
2022-07-20 00:00:00+00:00,7030.44677734375,7400.0,7400.0,7175.0,7200.0,105792900
2022-07-21 00:00:00+00:00,7030.44677734375,7400.0,7400.0,7250.0,7400.0,64337100
2022-07-22 00:00:00+00:00,6959.19189453125,7325.0,7400.0,7300.0,7400.0,38956500
2022-07-25 00:00:00+00:00,6935.4404296875,7300.0,7375.0,7300.0,7350.0,31247600
2022-07-26 00:00:00+00:00,6935.4404296875,7300.0,7375.0,7250.0,7250.0,44379900
2022-07-27 00:00:00+00:00,6959.19189453125,7325.0,7350.0,7275.0,7325.0,58465500
2022-07-28 00:00:00+00:00,6982.94384765625,7350.0,7450.0,7325.0,7375.0,86909700
2022-07-29 00:00:00+00:00,6982.94384765625,7350.0,7475.0,7350.0,7400.0,131553000
2022-08-01 00:00:00+00:00,7125.4521484375,7500.0,7500.0,7350.0,7350.0,104841600
2022-08-02 00:00:00+00:00,7220.4580078125,7600.0,7625.0,7500.0,7600.0,106466900
2022-08-03 00:00:00+00:00,7244.2099609375,7625.0,7625.0,7575.0,7625.0,60170600
2022-08-04 00:00:00+00:00,7410.47021484375,7800.0,7800.0,7650.0,7675.0,164221000
2022-08-05 00:00:00+00:00,7481.72509765625,7875.0,7875.0,7725.0,7825.0,118734200
2022-08-08 00:00:00+00:00,7481.72509765625,7875.0,7925.0,7750.0,7875.0,84328900
2022-08-09 00:00:00+00:00,7505.4765625,7900.0,7975.0,7875.0,7875.0,92875800
2022-08-10 00:00:00+00:00,7505.4765625,7900.0,7900.0,7725.0,7800.0,104376300
2022-08-11 00:00:00+00:00,7552.97900390625,7950.0,7950.0,7825.0,7850.0,73204700
2022-08-12 00:00:00+00:00,7529.22802734375,7925.0,7975.0,7850.0,7925.0,59381200
2022-08-15 00:00:00+00:00,7552.97900390625,7950.0,7975.0,7900.0,7950.0,81411000
2022-08-16 00:00:00+00:00,7576.7314453125,7975.0,7975.0,7850.0,7950.0,83556700
2022-08-18 00:00:00+00:00,7600.48291015625,8000.0,8025.0,7875.0,7900.0,86136900
2022-08-19 00:00:00+00:00,7505.4765625,7900.0,8050.0,7900.0,8050.0,58194900
2022-08-22 00:00:00+00:00,7600.48291015625,8000.0,8000.0,7825.0,7850.0,97293300
2022-08-23 00:00:00+00:00,7505.4765625,7900.0,8000.0,7900.0,8000.0,71671800
2022-08-24 00:00:00+00:00,7552.97900390625,7950.0,8025.0,7900.0,7950.0,108892400
2022-08-25 00:00:00+00:00,7671.7373046875,8075.0,8100.0,7900.0,8000.0,99503500
2022-08-26 00:00:00+00:00,7600.48291015625,8000.0,8125.0,8000.0,8025.0,80472400
2022-08-29 00:00:00+00:00,7742.9921875,8150.0,8150.0,7950.0,8000.0,57762100
2022-08-30 00:00:00+00:00,7766.74267578125,8175.0,8275.0,8075.0,8100.0,124467000
2022-08-31 00:00:00+00:00,7790.49462890625,8200.0,8225.0,8050.0,8075.0,137659900
2022-09-01 00:00:00+00:00,7742.9921875,8150.0,8250.0,8125.0,8150.0,74960800
2022-09-02 00:00:00+00:00,7814.24658203125,8225.0,8225.0,8150.0,8150.0,71430600
2022-09-05 00:00:00+00:00,7861.7490234375,8275.0,8300.0,8200.0,8225.0,62906000
2022-09-06 00:00:00+00:00,7861.7490234375,8275.0,8350.0,8250.0,8300.0,67079900
2022-09-07 00:00:00+00:00,7956.75537109375,8375.0,8375.0,8250.0,8250.0,117931700
2022-09-08 00:00:00+00:00,7933.00390625,8350.0,8500.0,8350.0,8400.0,132777400
2022-09-09 00:00:00+00:00,7956.75537109375,8375.0,8500.0,8275.0,8500.0,91234600
2022-09-12 00:00:00+00:00,7956.75537109375,8375.0,8425.0,8325.0,8325.0,52395300
2022-09-13 00:00:00+00:00,8099.26416015625,8525.0,8575.0,8375.0,8375.0,124485200
2022-09-14 00:00:00+00:00,8075.5126953125,8500.0,8650.0,8375.0,8375.0,116642400
2022-09-15 00:00:00+00:00,8313.02734375,8750.0,8875.0,8500.0,8500.0,190404800
2022-09-16 00:00:00+00:00,8028.009765625,8450.0,8725.0,8450.0,8700.0,363127600
2022-09-19 00:00:00+00:00,8218.0224609375,8650.0,8750.0,8450.0,8475.0,102530600
2022-09-20 00:00:00+00:00,8123.015625,8550.0,8650.0,8550.0,8550.0,89238400
2022-09-21 00:00:00+00:00,8051.76220703125,8475.0,8600.0,8425.0,8525.0,90933700
2022-09-22 00:00:00+00:00,8051.76220703125,8475.0,8525.0,8375.0,8375.0,61908500
2022-09-23 00:00:00+00:00,7956.75537109375,8375.0,8475.0,8375.0,8375.0,60567600
2022-09-26 00:00:00+00:00,8004.25830078125,8425.0,8500.0,8200.0,8200.0,106228200
2022-09-27 00:00:00+00:00,7885.5009765625,8300.0,8450.0,8300.0,8375.0,89567100
2022-09-28 00:00:00+00:00,7909.25244140625,8325.0,8425.0,8250.0,8250.0,89153400
2022-09-29 00:00:00+00:00,7956.75537109375,8375.0,8450.0,8325.0,8325.0,62643700
2022-09-30 00:00:00+00:00,8123.015625,8550.0,8575.0,8275.0,8375.0,176524800
2022-10-03 00:00:00+00:00,8075.5126953125,8500.0,8525.0,8450.0,8450.0,115079600
2022-10-04 00:00:00+00:00,8123.015625,8550.0,8625.0,8525.0,8525.0,80524500
2022-10-05 00:00:00+00:00,8028.009765625,8450.0,8550.0,8425.0,8525.0,63788000
2022-10-06 00:00:00+00:00,8004.25830078125,8425.0,8500.0,8425.0,8475.0,43967400
2022-10-07 00:00:00+00:00,7790.49462890625,8200.0,8375.0,8200.0,8325.0,112043400
2022-10-10 00:00:00+00:00,7885.5009765625,8300.0,8375.0,8125.0,8150.0,80238200
2022-10-11 00:00:00+00:00,7837.99755859375,8250.0,8300.0,8150.0,8200.0,64060000
2022-10-12 00:00:00+00:00,7909.25244140625,8325.0,8325.0,8175.0,8200.0,47569700
2022-10-13 00:00:00+00:00,7861.7490234375,8275.0,8375.0,8275.0,8275.0,62282800
2022-10-14 00:00:00+00:00,7837.99755859375,8250.0,8350.0,8250.0,8300.0,70642900
2022-10-17 00:00:00+00:00,7837.99755859375,8250.0,8300.0,8175.0,8250.0,56387500
2022-10-18 00:00:00+00:00,7885.5009765625,8300.0,8475.0,8250.0,8275.0,85665300
2022-10-19 00:00:00+00:00,7861.7490234375,8275.0,8350.0,8225.0,8250.0,66753500
2022-10-20 00:00:00+00:00,8075.5126953125,8500.0,8500.0,8250.0,8250.0,91812300
2022-10-21 00:00:00+00:00,8218.0224609375,8650.0,8725.0,8450.0,8450.0,122777800
2022-10-24 00:00:00+00:00,8455.537109375,8900.0,8900.0,8725.0,8750.0,89416500
2022-10-25 00:00:00+00:00,8265.5244140625,8700.0,8875.0,8700.0,8825.0,84696300
2022-10-26 00:00:00+00:00,8123.015625,8550.0,8650.0,8550.0,8625.0,98962100
2022-10-27 00:00:00+00:00,8265.5244140625,8700.0,8700.0,8550.0,8550.0,77003400
2022-10-28 00:00:00+00:00,8313.02734375,8750.0,8750.0,8650.0,8650.0,84980600
2022-10-31 00:00:00+00:00,8360.53125,8800.0,8850.0,8775.0,8850.0,138922800
2022-11-01 00:00:00+00:00,8360.53125,8800.0,9000.0,8725.0,9000.0,118118400
2022-11-02 00:00:00+00:00,8313.02734375,8750.0,8825.0,8725.0,8800.0,68323600
2022-11-03 00:00:00+00:00,8360.53125,8800.0,8825.0,8700.0,8700.0,81856300
2022-11-04 00:00:00+00:00,8336.7802734375,8775.0,8800.0,8675.0,8775.0,84458300
2022-11-07 00:00:00+00:00,8408.03515625,8850.0,8850.0,8675.0,8725.0,94794000
2022-11-08 00:00:00+00:00,8313.02734375,8750.0,8875.0,8725.0,8850.0,42525500
2022-11-09 00:00:00+00:00,8431.78515625,8875.0,8875.0,8675.0,8675.0,96599500
2022-11-10 00:00:00+00:00,8360.53125,8800.0,8800.0,8725.0,8725.0,89463000
2022-11-11 00:00:00+00:00,8408.03515625,8850.0,8925.0,8825.0,8900.0,59597900
2022-11-14 00:00:00+00:00,8313.02734375,8750.0,8900.0,8750.0,8875.0,49208200
2022-11-15 00:00:00+00:00,8360.53125,8800.0,8850.0,8750.0,8775.0,59092900
2022-11-16 00:00:00+00:00,8170.5185546875,8600.0,8675.0,8550.0,8625.0,143424800
2022-11-17 00:00:00+00:00,8289.2763671875,8725.0,8825.0,8600.0,8625.0,72679800
2022-11-18 00:00:00+00:00,8384.2822265625,8825.0,8900.0,8725.0,8725.0,83556900
2022-11-21 00:00:00+00:00,8289.2763671875,8725.0,8900.0,8725.0,8875.0,35901000
2022-11-22 00:00:00+00:00,8455.537109375,8900.0,8950.0,8850.0,8900.0,84684200
2022-11-23 00:00:00+00:00,8431.78515625,8875.0,8975.0,8875.0,8900.0,84642100
2022-11-24 00:00:00+00:00,8550.54296875,9000.0,9000.0,8950.0,8975.0,53520800
2022-11-25 00:00:00+00:00,8526.791015625,8975.0,9000.0,8900.0,9000.0,75048300
2022-11-28 00:00:00+00:00,8574.294921875,9025.0,9100.0,8975.0,9050.0,96209700
2022-11-29 00:00:00+00:00,8526.791015625,8975.0,9075.0,8925.0,8975.0,91562100
2022-11-30 00:00:00+00:00,8835.560546875,9300.0,9400.0,8850.0,8875.0,644359600
2022-12-01 00:00:00+00:00,8550.54296875,9000.0,9350.0,9000.0,9275.0,155775400
2022-12-02 00:00:00+00:00,8488.5478515625,8900.0,8975.0,8900.0,8900.0,130982100
2022-12-05 00:00:00+00:00,8369.3271484375,8775.0,8900.0,8775.0,8800.0,114656300
2022-12-06 00:00:00+00:00,8273.9501953125,8675.0,8750.0,8575.0,8725.0,180553800
2022-12-07 00:00:00+00:00,8059.35205078125,8450.0,8575.0,8450.0,8500.0,229308700
2022-12-08 00:00:00+00:00,8107.0400390625,8500.0,8575.0,8350.0,8375.0,172590100
2022-12-09 00:00:00+00:00,8178.5732421875,8575.0,8600.0,8450.0,8500.0,90851300
2022-12-12 00:00:00+00:00,8297.794921875,8700.0,8700.0,8475.0,8525.0,102851800
2022-12-13 00:00:00+00:00,8297.794921875,8700.0,8700.0,8550.0,8625.0,104580200
2022-12-14 00:00:00+00:00,8226.26171875,8625.0,8700.0,8525.0,8600.0,118164300
2022-12-15 00:00:00+00:00,8107.0400390625,8500.0,8600.0,8500.0,8575.0,113255700
2022-12-16 00:00:00+00:00,8202.41796875,8600.0,8650.0,8400.0,8425.0,181516700
2022-12-19 00:00:00+00:00,8250.10546875,8650.0,8700.0,8600.0,8650.0,67482900
2022-12-20 00:00:00+00:00,8178.5732421875,8575.0,8650.0,8550.0,8550.0,41243700
2022-12-21 00:00:00+00:00,8273.9501953125,8675.0,8700.0,8575.0,8600.0,33617700
2022-12-22 00:00:00+00:00,8178.5732421875,8575.0,8675.0,8575.0,8650.0,59591500
2022-12-23 00:00:00+00:00,8107.0400390625,8500.0,8575.0,8500.0,8525.0,47393000
2022-12-26 00:00:00+00:00,8178.5732421875,8575.0,8625.0,8500.0,8500.0,20495900
2022-12-27 00:00:00+00:00,8202.41796875,8600.0,8650.0,8575.0,8600.0,27193800
2022-12-28 00:00:00+00:00,8250.10546875,8650.0,8650.0,8550.0,8650.0,40420200
2022-12-29 00:00:00+00:00,8178.5732421875,8575.0,8600.0,8500.0,8525.0,47020900
2022-12-30 00:00:00+00:00,8154.7294921875,8550.0,8650.0,8550.0,8575.0,44681400
2023-01-02 00:00:00+00:00,8154.7294921875,8550.0,8600.0,8500.0,8575.0,10653900
2023-01-03 00:00:00+00:00,8154.7294921875,8550.0,8600.0,8525.0,8550.0,27399100
2023-01-04 00:00:00+00:00,7963.97509765625,8350.0,8575.0,8350.0,8525.0,90918800
2023-01-05 00:00:00+00:00,7868.59765625,8250.0,8375.0,8150.0,8350.0,128838500
2023-01-06 00:00:00+00:00,7916.28662109375,8300.0,8325.0,8100.0,8100.0,69286600
2023-01-09 00:00:00+00:00,8059.35205078125,8450.0,8450.0,8325.0,8325.0,86916900
2023-01-10 00:00:00+00:00,7797.06494140625,8175.0,8425.0,8150.0,8400.0,101759100
2023-01-11 00:00:00+00:00,7749.376953125,8125.0,8150.0,8000.0,8050.0,96069100
2023-01-12 00:00:00+00:00,7797.06494140625,8175.0,8275.0,8125.0,8150.0,103804600
2023-01-13 00:00:00+00:00,7677.84423828125,8050.0,8175.0,8025.0,8150.0,119748200
2023-01-16 00:00:00+00:00,7773.22119140625,8150.0,8200.0,8050.0,8050.0,105710700
2023-01-17 00:00:00+00:00,7940.13037109375,8325.0,8375.0,8150.0,8175.0,88695900
2023-01-18 00:00:00+00:00,7916.28662109375,8300.0,8325.0,8175.0,8200.0,96814600
2023-01-19 00:00:00+00:00,7940.13037109375,8325.0,8350.0,8250.0,8350.0,66391800
2023-01-20 00:00:00+00:00,7916.28662109375,8300.0,8325.0,8250.0,8275.0,96859500
2023-01-24 00:00:00+00:00,7844.75439453125,8225.0,8350.0,8225.0,8300.0,42474500
2023-01-25 00:00:00+00:00,7820.90966796875,8200.0,8300.0,8200.0,8300.0,66124500
2023-01-26 00:00:00+00:00,8083.1962890625,8475.0,8475.0,8225.0,8225.0,77582300
2023-01-27 00:00:00+00:00,8297.794921875,8700.0,8850.0,8550.0,8700.0,196804700
2023-01-30 00:00:00+00:00,8297.794921875,8700.0,8775.0,8575.0,8725.0,68544300
2023-01-31 00:00:00+00:00,8083.1962890625,8475.0,8675.0,8475.0,8625.0,200589000
2023-02-01 00:00:00+00:00,8107.0400390625,8500.0,8575.0,8450.0,8575.0,77396200
2023-02-02 00:00:00+00:00,8059.35205078125,8450.0,8525.0,8400.0,8425.0,99109500
2023-02-03 00:00:00+00:00,8297.794921875,8700.0,8700.0,8500.0,8550.0,71716700
2023-02-06 00:00:00+00:00,8321.638671875,8725.0,8750.0,8650.0,8750.0,117757700
2023-02-07 00:00:00+00:00,8440.8603515625,8850.0,8850.0,8750.0,8775.0,116014700
2023-02-08 00:00:00+00:00,8417.015625,8825.0,8850.0,8800.0,8825.0,54495500
2023-02-09 00:00:00+00:00,8488.5478515625,8900.0,8900.0,8800.0,8825.0,72381700
2023-02-10 00:00:00+00:00,8417.015625,8825.0,8900.0,8700.0,8875.0,62060900
2023-02-13 00:00:00+00:00,8464.7041015625,8875.0,8900.0,8775.0,8875.0,63775000
2023-02-14 00:00:00+00:00,8536.236328125,8950.0,8950.0,8825.0,8850.0,81678200
2023-02-15 00:00:00+00:00,8464.7041015625,8875.0,8900.0,8750.0,8875.0,38037000
2023-02-16 00:00:00+00:00,8297.794921875,8700.0,8850.0,8700.0,8825.0,66040400
2023-02-17 00:00:00+00:00,8321.638671875,8725.0,8850.0,8725.0,8775.0,43588900
2023-02-20 00:00:00+00:00,8345.482421875,8750.0,8825.0,8700.0,8725.0,40077000
2023-02-21 00:00:00+00:00,8297.794921875,8700.0,8800.0,8700.0,8775.0,25390500
2023-02-22 00:00:00+00:00,8273.9501953125,8675.0,8750.0,8625.0,8700.0,38671900
2023-02-23 00:00:00+00:00,8321.638671875,8725.0,8750.0,8625.0,8625.0,53412300
2023-02-24 00:00:00+00:00,8273.9501953125,8675.0,8850.0,8675.0,8775.0,44123400
2023-02-27 00:00:00+00:00,8369.3271484375,8775.0,8775.0,8650.0,8675.0,59983900
2023-02-28 00:00:00+00:00,8345.482421875,8750.0,8775.0,8675.0,8775.0,106349400
2023-03-01 00:00:00+00:00,8202.41796875,8600.0,8750.0,8600.0,8725.0,67034700
2023-03-02 00:00:00+00:00,8226.26171875,8625.0,8700.0,8600.0,8600.0,56672000
2023-03-03 00:00:00+00:00,8083.1962890625,8475.0,8675.0,8475.0,8650.0,95376900
2023-03-06 00:00:00+00:00,8011.66357421875,8400.0,8550.0,8400.0,8550.0,92652000
2023-03-07 00:00:00+00:00,8035.5078125,8425.0,8475.0,8350.0,8350.0,106115600
2023-03-08 00:00:00+00:00,8178.5732421875,8575.0,8575.0,8400.0,8400.0,79350900
2023-03-09 00:00:00+00:00,8178.5732421875,8575.0,8650.0,8550.0,8650.0,54201400
2023-03-10 00:00:00+00:00,8059.35205078125,8450.0,8550.0,8450.0,8500.0,59580100
2023-03-13 00:00:00+00:00,8154.7294921875,8550.0,8625.0,8450.0,8450.0,82077700
2023-03-14 00:00:00+00:00,7940.13037109375,8325.0,8475.0,8325.0,8425.0,90495300
2023-03-15 00:00:00+00:00,7940.13037109375,8325.0,8475.0,8325.0,8450.0,86747400
2023-03-16 00:00:00+00:00,7916.28662109375,8300.0,8350.0,8250.0,8300.0,105894000
2023-03-17 00:00:00+00:00,7987.81884765625,8375.0,8450.0,8325.0,8375.0,198558600
2023-03-20 00:00:00+00:00,8011.66357421875,8400.0,8475.0,8375.0,8400.0,37277900
2023-03-21 00:00:00+00:00,8107.0400390625,8500.0,8500.0,8375.0,8400.0,91617400
2023-03-24 00:00:00+00:00,8417.015625,8825.0,8825.0,8625.0,8700.0,145603600
2023-03-27 00:00:00+00:00,8297.794921875,8700.0,8825.0,8700.0,8825.0,110692800
2023-03-28 00:00:00+00:00,8273.9501953125,8675.0,8800.0,8675.0,8800.0,98296600
2023-03-29 00:00:00+00:00,8560.9365234375,8800.0,8800.0,8625.0,8675.0,101068200
2023-03-30 00:00:00+00:00,8585.2568359375,8825.0,8900.0,8800.0,8900.0,118912100
2023-03-31 00:00:00+00:00,8512.2939453125,8750.0,8850.0,8725.0,8825.0,97146900
2023-04-03 00:00:00+00:00,8560.9365234375,8800.0,8825.0,8750.0,8825.0,60288900
2023-04-04 00:00:00+00:00,8536.6142578125,8775.0,8825.0,8650.0,8825.0,60975800
2023-04-05 00:00:00+00:00,8487.97265625,8725.0,8800.0,8725.0,8775.0,36922100
2023-04-06 00:00:00+00:00,8512.2939453125,8750.0,8775.0,8700.0,8700.0,45489400
2023-04-10 00:00:00+00:00,8560.9365234375,8800.0,8800.0,8700.0,8725.0,32996000
2023-04-11 00:00:00+00:00,8585.2568359375,8825.0,8825.0,8750.0,8825.0,44554300
2023-04-12 00:00:00+00:00,8658.21875,8900.0,8900.0,8825.0,8900.0,91903600
2023-04-13 00:00:00+00:00,8682.5400390625,8925.0,8950.0,8875.0,8950.0,51726500
2023-04-14 00:00:00+00:00,8755.501953125,9000.0,9000.0,8950.0,9000.0,110354200
2023-04-17 00:00:00+00:00,8779.8232421875,9025.0,9050.0,8900.0,9025.0,83946900
2023-04-18 00:00:00+00:00,8877.1064453125,9125.0,9175.0,9025.0,9050.0,91178700
2023-04-26 00:00:00+00:00,8950.0693359375,9200.0,9200.0,9000.0,9125.0,186928200
2023-04-27 00:00:00+00:00,8901.427734375,9150.0,9175.0,9075.0,9100.0,54842400
2023-04-28 00:00:00+00:00,8804.14453125,9050.0,9125.0,9050.0,9100.0,145775300
2023-05-02 00:00:00+00:00,8804.14453125,9050.0,9100.0,8900.0,9100.0,83645900
2023-05-03 00:00:00+00:00,8682.5400390625,8925.0,9050.0,8875.0,9050.0,83728800
2023-05-04 00:00:00+00:00,8755.501953125,9000.0,9025.0,8875.0,8925.0,67565000
2023-05-05 00:00:00+00:00,8755.501953125,9000.0,9050.0,8950.0,9000.0,64815100
2023-05-08 00:00:00+00:00,8755.501953125,9000.0,9075.0,8950.0,9000.0,84754500
2023-05-09 00:00:00+00:00,8682.5400390625,8925.0,8975.0,8900.0,8950.0,40929600
2023-05-10 00:00:00+00:00,8682.5400390625,8925.0,8950.0,8900.0,8925.0,45322600
2023-05-11 00:00:00+00:00,8585.2568359375,8825.0,8900.0,8800.0,8900.0,81993900
2023-05-12 00:00:00+00:00,8560.9365234375,8800.0,8875.0,8725.0,8750.0,96525600
2023-05-15 00:00:00+00:00,8536.6142578125,8775.0,8875.0,8725.0,8875.0,64830300
2023-05-16 00:00:00+00:00,8463.65234375,8700.0,8825.0,8700.0,8800.0,49497000
2023-05-17 00:00:00+00:00,8536.6142578125,8775.0,8850.0,8750.0,8775.0,69996100
2023-05-19 00:00:00+00:00,8755.501953125,9000.0,9000.0,8825.0,8900.0,123592500
2023-05-22 00:00:00+00:00,8755.501953125,9000.0,9075.0,8925.0,9000.0,91000000
2023-05-23 00:00:00+00:00,8877.1064453125,9125.0,9150.0,9025.0,9050.0,102980500
2023-05-24 00:00:00+00:00,8779.8232421875,9025.0,9200.0,9025.0,9200.0,77392900
2023-05-25 00:00:00+00:00,8804.14453125,9050.0,9150.0,9050.0,9100.0,76325700
2023-05-26 00:00:00+00:00,8901.427734375,9150.0,9200.0,9100.0,9175.0,55675900
2023-05-29 00:00:00+00:00,8901.427734375,9150.0,9250.0,9075.0,9250.0,79148200
2023-05-30 00:00:00+00:00,8998.7099609375,9250.0,9325.0,9150.0,9200.0,97189500
2023-05-31 00:00:00+00:00,8804.14453125,9050.0,9325.0,9050.0,9300.0,722827900
2023-06-05 00:00:00+00:00,8950.0693359375,9200.0,9325.0,9100.0,9150.0,163535600
2023-06-06 00:00:00+00:00,8901.427734375,9150.0,9200.0,9050.0,9050.0,74872200
2023-06-07 00:00:00+00:00,8852.7861328125,9100.0,9175.0,9075.0,9125.0,87492200
2023-06-08 00:00:00+00:00,8877.1064453125,9125.0,9125.0,9075.0,9075.0,53188400
2023-06-09 00:00:00+00:00,8852.7861328125,9100.0,9175.0,9100.0,9175.0,44632400
2023-06-12 00:00:00+00:00,8901.427734375,9150.0,9150.0,9100.0,9150.0,38082300
2023-06-13 00:00:00+00:00,8901.427734375,9150.0,9175.0,9100.0,9175.0,45552600
2023-06-14 00:00:00+00:00,8828.46484375,9075.0,9125.0,9050.0,9100.0,72223700
2023-06-15 00:00:00+00:00,8804.14453125,9050.0,9100.0,9050.0,9100.0,59073000
2023-06-16 00:00:00+00:00,8804.14453125,9050.0,9100.0,8975.0,9100.0,112769400
2023-06-19 00:00:00+00:00,8755.501953125,9000.0,9050.0,9000.0,9000.0,32330600
2023-06-20 00:00:00+00:00,8804.14453125,9050.0,9050.0,8950.0,9025.0,54990100
2023-06-21 00:00:00+00:00,8877.1064453125,9125.0,9125.0,9000.0,9050.0,42676300
2023-06-22 00:00:00+00:00,8804.14453125,9050.0,9150.0,9050.0,9125.0,48291100
2023-06-23 00:00:00+00:00,8804.14453125,9050.0,9150.0,9025.0,9025.0,47813500
2023-06-26 00:00:00+00:00,8828.46484375,9075.0,9125.0,9025.0,9025.0,36389900
2023-06-27 00:00:00+00:00,8901.427734375,9150.0,9150.0,9050.0,9050.0,36225100
2023-07-03 00:00:00+00:00,8828.46484375,9075.0,9075.0,9025.0,9025.0,108855900
2023-07-04 00:00:00+00:00,8804.14453125,9050.0,9150.0,9050.0,9150.0,35049300
2023-07-05 00:00:00+00:00,8804.14453125,9050.0,9075.0,9025.0,9050.0,44609200
2023-07-06 00:00:00+00:00,8828.46484375,9075.0,9100.0,9025.0,9050.0,52532400
2023-07-07 00:00:00+00:00,8779.8232421875,9025.0,9100.0,9025.0,9025.0,37641300
2023-07-10 00:00:00+00:00,8804.14453125,9050.0,9100.0,9050.0,9100.0,28981500
2023-07-11 00:00:00+00:00,8779.8232421875,9025.0,9100.0,9025.0,9100.0,43703500
2023-07-12 00:00:00+00:00,8925.748046875,9175.0,9175.0,9050.0,9075.0,61566500
2023-07-13 00:00:00+00:00,8877.1064453125,9125.0,9225.0,9125.0,9200.0,65230900
2023-07-14 00:00:00+00:00,8950.0693359375,9200.0,9200.0,9125.0,9175.0,55554500
2023-07-17 00:00:00+00:00,8925.748046875,9175.0,9250.0,9175.0,9200.0,62550100
2023-07-18 00:00:00+00:00,8901.427734375,9150.0,9250.0,9100.0,9200.0,52924600
2023-07-20 00:00:00+00:00,8901.427734375,9150.0,9225.0,9125.0,9200.0,83476600
2023-07-21 00:00:00+00:00,8901.427734375,9150.0,9175.0,9125.0,9150.0,42667800
2023-07-24 00:00:00+00:00,8852.7861328125,9100.0,9200.0,9100.0,9200.0,62061200
2023-07-25 00:00:00+00:00,8901.427734375,9150.0,9300.0,9150.0,9175.0,122802700
2023-07-26 00:00:00+00:00,9095.994140625,9350.0,9350.0,9125.0,9175.0,113868700
2023-07-27 00:00:00+00:00,8974.3896484375,9225.0,9400.0,9225.0,9400.0,77848400
2023-07-28 00:00:00+00:00,8877.1064453125,9125.0,9225.0,9125.0,9200.0,74510200
2023-07-31 00:00:00+00:00,8877.1064453125,9125.0,9200.0,9100.0,9175.0,80868000
2023-08-01 00:00:00+00:00,8877.1064453125,9125.0,9175.0,9100.0,9175.0,49756400
2023-08-02 00:00:00+00:00,8950.0693359375,9200.0,9200.0,9125.0,9125.0,60629900
2023-08-03 00:00:00+00:00,8998.7099609375,9250.0,9300.0,9150.0,9150.0,64596100
2023-08-04 00:00:00+00:00,8901.427734375,9150.0,9275.0,9125.0,9250.0,52675900
2023-08-07 00:00:00+00:00,9023.0322265625,9275.0,9275.0,9150.0,9150.0,55589300
2023-08-08 00:00:00+00:00,8950.0693359375,9200.0,9300.0,9200.0,9275.0,43373400
2023-08-09 00:00:00+00:00,9144.6357421875,9400.0,9400.0,9250.0,9275.0,77056800
2023-08-10 00:00:00+00:00,9144.6357421875,9400.0,9425.0,9350.0,9400.0,76738100
2023-08-11 00:00:00+00:00,9144.6357421875,9400.0,9450.0,9375.0,9425.0,68898600
2023-08-14 00:00:00+00:00,9095.994140625,9350.0,9350.0,9225.0,9325.0,75495400
2023-08-15 00:00:00+00:00,9047.3525390625,9300.0,9375.0,9300.0,9325.0,59303700
2023-08-16 00:00:00+00:00,9047.3525390625,9300.0,9325.0,9250.0,9275.0,53440000
2023-08-18 00:00:00+00:00,8998.7099609375,9250.0,9350.0,9250.0,9250.0,79328900
2023-08-21 00:00:00+00:00,8925.748046875,9175.0,9250.0,9175.0,9225.0,73573000
2023-08-22 00:00:00+00:00,9047.3525390625,9300.0,9325.0,9150.0,9150.0,65664600
2023-08-23 00:00:00+00:00,9047.3525390625,9300.0,9325.0,9275.0,9300.0,63749800
2023-08-24 00:00:00+00:00,8950.0693359375,9200.0,9325.0,9200.0,9250.0,53725900
2023-08-25 00:00:00+00:00,9023.0322265625,9275.0,9275.0,9175.0,9200.0,50379000
2023-08-28 00:00:00+00:00,8950.0693359375,9200.0,9250.0,9200.0,9250.0,44423100
2023-08-29 00:00:00+00:00,8998.7099609375,9250.0,9300.0,9200.0,9275.0,45428500
2023-08-30 00:00:00+00:00,8950.0693359375,9200.0,9300.0,9200.0,9300.0,56227000
2023-08-31 00:00:00+00:00,8925.748046875,9175.0,9225.0,9100.0,9200.0,136107200
2023-09-01 00:00:00+00:00,8974.3896484375,9225.0,9275.0,9175.0,9200.0,42152700
2023-09-04 00:00:00+00:00,8974.3896484375,9225.0,9275.0,9175.0,9225.0,40610600
2023-09-05 00:00:00+00:00,8974.3896484375,9225.0,9250.0,9200.0,9250.0,42007200
2023-09-06 00:00:00+00:00,8901.427734375,9150.0,9250.0,9150.0,9200.0,49318400
2023-09-07 00:00:00+00:00,8925.748046875,9175.0,9175.0,9100.0,9125.0,61405200
2023-09-08 00:00:00+00:00,8877.1064453125,9125.0,9150.0,9050.0,9100.0,80732300
2023-09-11 00:00:00+00:00,8877.1064453125,9125.0,9125.0,9075.0,9075.0,53155900
2023-09-12 00:00:00+00:00,8852.7861328125,9100.0,9125.0,9075.0,9100.0,66479000
2023-09-13 00:00:00+00:00,8828.46484375,9075.0,9075.0,9000.0,9050.0,69490200
2023-09-14 00:00:00+00:00,8852.7861328125,9100.0,9125.0,9000.0,9000.0,112757900
2023-09-15 00:00:00+00:00,8755.501953125,9000.0,9100.0,9000.0,9050.0,121005300
2023-09-18 00:00:00+00:00,8755.501953125,9000.0,9075.0,9000.0,9050.0,34272200
2023-09-19 00:00:00+00:00,8828.46484375,9075.0,9075.0,8975.0,9000.0,33325800
2023-09-20 00:00:00+00:00,8901.427734375,9150.0,9175.0,9075.0,9125.0,54305500
2023-09-21 00:00:00+00:00,8877.1064453125,9125.0,9150.0,9075.0,9125.0,40607000
2023-09-22 00:00:00+00:00,8828.46484375,9075.0,9150.0,9075.0,9125.0,42445300
2023-09-25 00:00:00+00:00,8755.501953125,9000.0,9075.0,9000.0,9075.0,56132200
2023-09-26 00:00:00+00:00,8706.8603515625,8950.0,9025.0,8950.0,9000.0,73544700
2023-09-27 00:00:00+00:00,8633.8984375,8875.0,9000.0,8875.0,8900.0,84345000
2023-09-29 00:00:00+00:00,8585.2568359375,8825.0,8900.0,8825.0,8825.0,118960000
2023-10-02 00:00:00+00:00,8828.46484375,9075.0,9100.0,8875.0,8900.0,93663000
2023-10-03 00:00:00+00:00,8950.0693359375,9200.0,9200.0,9025.0,9075.0,98380200
2023-10-04 00:00:00+00:00,8950.0693359375,9200.0,9250.0,9125.0,9200.0,112582800
2023-10-05 00:00:00+00:00,8828.46484375,9075.0,9200.0,9075.0,9200.0,72855700
2023-10-06 00:00:00+00:00,8779.8232421875,9025.0,9100.0,9025.0,9100.0,53344400
2023-10-09 00:00:00+00:00,8804.14453125,9050.0,9125.0,9025.0,9025.0,43774500
2023-10-10 00:00:00+00:00,8682.5400390625,8925.0,9000.0,8925.0,9000.0,71966100
2023-10-11 00:00:00+00:00,8682.5400390625,8925.0,9025.0,8925.0,8925.0,84305800
2023-10-12 00:00:00+00:00,8804.14453125,9050.0,9100.0,9000.0,9000.0,71064500
2023-10-13 00:00:00+00:00,8828.46484375,9075.0,9125.0,9025.0,9100.0,62941800
2023-10-16 00:00:00+00:00,8852.7861328125,9100.0,9125.0,9050.0,9125.0,29429200
2023-10-17 00:00:00+00:00,8706.8603515625,8950.0,9075.0,8950.0,9050.0,59606000
2023-10-18 00:00:00+00:00,8609.5771484375,8850.0,8950.0,8850.0,8925.0,50919200
2023-10-19 00:00:00+00:00,8512.2939453125,8750.0,8850.0,8750.0,8825.0,89509700
2023-10-20 00:00:00+00:00,8731.181640625,8975.0,9025.0,8725.0,8725.0,64554500
2023-10-23 00:00:00+00:00,8609.5771484375,8850.0,8925.0,8850.0,8875.0,50633500
2023-10-24 00:00:00+00:00,8536.6142578125,8775.0,8875.0,8775.0,8775.0,76963200
2023-10-25 00:00:00+00:00,8633.8984375,8875.0,8925.0,8825.0,8825.0,54748400
2023-10-26 00:00:00+00:00,8487.97265625,8725.0,8950.0,8725.0,8925.0,63199400
2023-10-27 00:00:00+00:00,8463.65234375,8700.0,8800.0,8700.0,8725.0,52450700
2023-10-30 00:00:00+00:00,8609.5771484375,8850.0,8850.0,8700.0,8700.0,51958200
2023-10-31 00:00:00+00:00,8512.2939453125,8750.0,8825.0,8725.0,8800.0,64907600
2023-11-01 00:00:00+00:00,8366.369140625,8600.0,8775.0,8600.0,8750.0,67027600
2023-11-02 00:00:00+00:00,8609.5771484375,8850.0,8900.0,8725.0,8725.0,56050900
2023-11-03 00:00:00+00:00,8658.21875,8900.0,8950.0,8850.0,8925.0,60414100
2023-11-06 00:00:00+00:00,8804.14453125,9050.0,9050.0,8950.0,8975.0,84994200
2023-11-07 00:00:00+00:00,8731.181640625,8975.0,9025.0,8900.0,9000.0,60648200
2023-11-08 00:00:00+00:00,8755.501953125,9000.0,9000.0,8900.0,8950.0,31829300
2023-11-09 00:00:00+00:00,8755.501953125,9000.0,9050.0,8900.0,8900.0,46076800
2023-11-10 00:00:00+00:00,8585.2568359375,8825.0,9000.0,8825.0,8950.0,50754600
2023-11-13 00:00:00+00:00,8633.8984375,8875.0,8925.0,8850.0,8875.0,20827700
2023-11-14 00:00:00+00:00,8682.5400390625,8925.0,8950.0,8875.0,8900.0,37195700
2023-11-15 00:00:00+00:00,8804.14453125,9050.0,9050.0,8950.0,8975.0,84977900
2023-11-16 00:00:00+00:00,8828.46484375,9075.0,9075.0,8950.0,9050.0,48714300
2023-11-17 00:00:00+00:00,8828.46484375,9075.0,9075.0,8975.0,9025.0,57050500
2023-11-20 00:00:00+00:00,8633.8984375,8875.0,9025.0,8875.0,8975.0,49216000
2023-11-21 00:00:00+00:00,8536.6142578125,8775.0,8900.0,8775.0,8825.0,107614800
2023-11-22 00:00:00+00:00,8633.8984375,8875.0,8875.0,8775.0,8775.0,40364800
2023-11-23 00:00:00+00:00,8682.5400390625,8925.0,8975.0,8850.0,8850.0,55542100
2023-11-24 00:00:00+00:00,8682.5400390625,8925.0,8975.0,8900.0,8925.0,43631900
2023-11-27 00:00:00+00:00,8633.8984375,8875.0,8950.0,8875.0,8900.0,35679000
2023-11-28 00:00:00+00:00,8633.8984375,8875.0,8950.0,8850.0,8875.0,69070600
2023-11-29 00:00:00+00:00,8658.21875,8900.0,8950.0,8900.0,8900.0,54715600
2023-11-30 00:00:00+00:00,8731.181640625,8975.0,8975.0,8900.0,8925.0,205312100
2023-12-01 00:00:00+00:00,8706.8603515625,8950.0,8975.0,8900.0,8925.0,80566400
2023-12-04 00:00:00+00:00,8723.966796875,8925.0,9025.0,8925.0,8950.0,54747400
2023-12-05 00:00:00+00:00,8699.529296875,8900.0,8950.0,8825.0,8950.0,94363900
2023-12-06 00:00:00+00:00,8601.7822265625,8800.0,8950.0,8800.0,8850.0,81852800
2023-12-07 00:00:00+00:00,8626.21875,8825.0,8825.0,8725.0,8750.0,91322500
2023-12-08 00:00:00+00:00,8552.908203125,8750.0,8850.0,8750.0,8800.0,43891600
2023-12-11 00:00:00+00:00,8552.908203125,8750.0,8775.0,8675.0,8675.0,78642800
2023-12-12 00:00:00+00:00,8504.0341796875,8700.0,8750.0,8700.0,8700.0,87589300
2023-12-13 00:00:00+00:00,8479.59765625,8675.0,8750.0,8675.0,8700.0,51560500
2023-12-14 00:00:00+00:00,8846.150390625,9050.0,9050.0,8750.0,8775.0,115332800
2023-12-15 00:00:00+00:00,9017.208984375,9225.0,9225.0,9075.0,9125.0,275013500
2023-12-18 00:00:00+00:00,8992.7724609375,9200.0,9225.0,9150.0,9200.0,111712200
2023-12-19 00:00:00+00:00,9041.6455078125,9250.0,9250.0,9125.0,9125.0,65174500
2023-12-20 00:00:00+00:00,9090.51953125,9300.0,9300.0,9225.0,9250.0,72938100
2023-12-21 00:00:00+00:00,9114.9560546875,9325.0,9325.0,9250.0,9300.0,88116700
2023-12-22 00:00:00+00:00,9114.9560546875,9325.0,9350.0,9275.0,9275.0,64449600
2023-12-27 00:00:00+00:00,9163.830078125,9375.0,9400.0,9325.0,9375.0,64464700
2023-12-28 00:00:00+00:00,9188.267578125,9400.0,9425.0,9325.0,9325.0,70184600
2023-12-29 00:00:00+00:00,9188.267578125,9400.0,9450.0,9350.0,9425.0,79903400
2024-01-02 00:00:00+00:00,9212.7041015625,9425.0,9425.0,9350.0,9400.0,30545200
2024-01-03 00:00:00+00:00,9139.3935546875,9350.0,9425.0,9325.0,9425.0,34603300
2024-01-04 00:00:00+00:00,9261.578125,9475.0,9475.0,9375.0,9400.0,56501800
2024-01-05 00:00:00+00:00,9359.3251953125,9575.0,9600.0,9475.0,9500.0,85290100
2024-01-08 00:00:00+00:00,9359.3251953125,9575.0,9625.0,9475.0,9600.0,50896000
2024-01-09 00:00:00+00:00,9408.19921875,9625.0,9625.0,9575.0,9600.0,59848600
2024-01-10 00:00:00+00:00,9334.888671875,9550.0,9650.0,9550.0,9650.0,52774900
2024-01-11 00:00:00+00:00,9359.3251953125,9575.0,9650.0,9575.0,9625.0,39381500
2024-01-12 00:00:00+00:00,9481.509765625,9700.0,9700.0,9600.0,9650.0,68253400
2024-01-15 00:00:00+00:00,9505.9462890625,9725.0,9750.0,9650.0,9750.0,88399500
2024-01-16 00:00:00+00:00,9481.509765625,9700.0,9750.0,9675.0,9700.0,44869200
2024-01-17 00:00:00+00:00,9530.3837890625,9750.0,9750.0,9650.0,9750.0,107706100
2024-01-18 00:00:00+00:00,9457.0732421875,9675.0,9750.0,9625.0,9675.0,71048900
2024-01-19 00:00:00+00:00,9408.19921875,9625.0,9775.0,9600.0,9775.0,63176500
2024-01-22 00:00:00+00:00,9408.19921875,9625.0,9650.0,9525.0,9600.0,52868300
2024-01-23 00:00:00+00:00,9383.76171875,9600.0,9600.0,9450.0,9450.0,92348600
2024-01-24 00:00:00+00:00,9310.451171875,9525.0,9600.0,9475.0,9600.0,84906000
2024-01-25 00:00:00+00:00,9286.0146484375,9500.0,9575.0,9450.0,9450.0,63212700
2024-01-26 00:00:00+00:00,9139.3935546875,9350.0,9450.0,9300.0,9400.0,78977300
2024-01-29 00:00:00+00:00,9334.888671875,9550.0,9550.0,9375.0,9400.0,73452800
2024-01-30 00:00:00+00:00,9432.6357421875,9650.0,9650.0,9475.0,9500.0,73136400
2024-01-31 00:00:00+00:00,9334.888671875,9550.0,9700.0,9550.0,9700.0,102581200
2024-02-01 00:00:00+00:00,9481.509765625,9700.0,9725.0,9575.0,9650.0,104208700
2024-02-02 00:00:00+00:00,9481.509765625,9700.0,9800.0,9625.0,9775.0,99324000
2024-02-05 00:00:00+00:00,9359.3251953125,9575.0,9675.0,9525.0,9675.0,57983300
2024-02-06 00:00:00+00:00,9408.19921875,9625.0,9750.0,9625.0,9750.0,87651000
2024-02-07 00:00:00+00:00,9481.509765625,9700.0,9725.0,9650.0,9700.0,92953500
2024-02-12 00:00:00+00:00,9579.2568359375,9800.0,9800.0,9700.0,9750.0,87949400
2024-02-13 00:00:00+00:00,9505.9462890625,9725.0,9800.0,9700.0,9750.0,66072400
2024-02-15 00:00:00+00:00,9628.130859375,9850.0,9975.0,9850.0,9950.0,164748900
2024-02-16 00:00:00+00:00,9725.87890625,9950.0,10000.0,9875.0,9975.0,142277200
2024-02-19 00:00:00+00:00,9652.5673828125,9875.0,9975.0,9825.0,9900.0,53341300
2024-02-20 00:00:00+00:00,9799.189453125,10025.0,10025.0,9850.0,9850.0,63997700
2024-02-21 00:00:00+00:00,9750.3154296875,9975.0,10000.0,9850.0,9950.0,75371600
2024-02-22 00:00:00+00:00,9652.5673828125,9875.0,9975.0,9875.0,9975.0,66913000
2024-02-23 00:00:00+00:00,9603.6943359375,9825.0,9925.0,9800.0,9900.0,55192300
2024-02-26 00:00:00+00:00,9579.2568359375,9800.0,9875.0,9725.0,9750.0,41356000
2024-02-27 00:00:00+00:00,9652.5673828125,9875.0,9900.0,9750.0,9750.0,43735800
2024-02-28 00:00:00+00:00,9774.751953125,10000.0,10000.0,9900.0,9975.0,54043100
2024-02-29 00:00:00+00:00,9652.5673828125,9875.0,10000.0,9850.0,10000.0,126671200
2024-03-01 00:00:00+00:00,9603.6943359375,9825.0,9925.0,9800.0,9900.0,51520600
2024-03-04 00:00:00+00:00,9530.3837890625,9750.0,9825.0,9750.0,9800.0,43822900
2024-03-05 00:00:00+00:00,9579.2568359375,9800.0,9900.0,9775.0,9900.0,61952900
2024-03-06 00:00:00+00:00,9725.87890625,9950.0,10000.0,9775.0,9900.0,70242200
2024-03-07 00:00:00+00:00,9896.9365234375,10125.0,10175.0,10000.0,10050.0,118369300
2024-03-08 00:00:00+00:00,9921.3740234375,10150.0,10300.0,10125.0,10250.0,100947200
2024-03-13 00:00:00+00:00,9774.751953125,10000.0,10400.0,10000.0,10400.0,141622600
2024-03-14 00:00:00+00:00,10092.431640625,10325.0,10325.0,10025.0,10050.0,110681100
2024-03-15 00:00:00+00:00,9921.3740234375,10150.0,10300.0,10050.0,10200.0,154176800
2024-03-18 00:00:00+00:00,9921.3740234375,10150.0,10275.0,10150.0,10175.0,62444100
2024-03-19 00:00:00+00:00,9945.810546875,10175.0,10250.0,10150.0,10150.0,55004800
2024-03-20 00:00:00+00:00,9896.9365234375,10125.0,10150.0,10075.0,10100.0,66269700
2024-03-21 00:00:00+00:00,9896.9365234375,10125.0,10225.0,10050.0,10175.0,90279400
2024-03-22 00:00:00+00:00,9872.5,10100.0,10125.0,9950.0,10000.0,91968200
2024-03-25 00:00:00+00:00,10075.0,10075.0,10075.0,9925.0,10075.0,66971000
2024-03-26 00:00:00+00:00,10050.0,10050.0,10050.0,9950.0,10050.0,65742700
2024-03-27 00:00:00+00:00,10075.0,10075.0,10075.0,10000.0,10025.0,39514100
2024-03-28 00:00:00+00:00,10075.0,10075.0,10100.0,9975.0,10025.0,79229700
2024-04-01 00:00:00+00:00,9850.0,9850.0,10100.0,9825.0,10075.0,79248700
2024-04-02 00:00:00+00:00,9900.0,9900.0,9950.0,9800.0,9925.0,76763100
2024-04-03 00:00:00+00:00,9525.0,9525.0,9800.0,9525.0,9750.0,177418400
2024-04-04 00:00:00+00:00,9850.0,9850.0,9850.0,9575.0,9575.0,75993500
2024-04-05 00:00:00+00:00,9825.0,9825.0,9950.0,9825.0,9950.0,70428600
2024-04-16 00:00:00+00:00,9475.0,9475.0,9575.0,9250.0,9350.0,283265900
2024-04-17 00:00:00+00:00,9525.0,9525.0,9675.0,9525.0,9550.0,95620700
2024-04-18 00:00:00+00:00,9475.0,9475.0,9575.0,9450.0,9525.0,127134000
2024-04-19 00:00:00+00:00,9475.0,9475.0,9500.0,9300.0,9350.0,147784300
2024-04-22 00:00:00+00:00,9350.0,9350.0,9425.0,9350.0,9400.0,128908000
2024-04-23 00:00:00+00:00,9725.0,9725.0,9775.0,9400.0,9400.0,178833000
2024-04-24 00:00:00+00:00,9950.0,9950.0,9950.0,9750.0,9825.0,132832700
2024-04-25 00:00:00+00:00,9775.0,9775.0,10000.0,9700.0,10000.0,104874100
2024-04-26 00:00:00+00:00,9625.0,9625.0,9825.0,9625.0,9700.0,100932900
2024-04-29 00:00:00+00:00,9800.0,9800.0,9850.0,9525.0,9525.0,90063500
2024-04-30 00:00:00+00:00,9800.0,9800.0,10050.0,9800.0,10050.0,109623000
2024-05-02 00:00:00+00:00,9550.0,9550.0,9900.0,9500.0,9900.0,97079400
2024-05-03 00:00:00+00:00,9850.0,9850.0,9850.0,9675.0,9750.0,81200400
2024-05-06 00:00:00+00:00,9800.0,9800.0,9875.0,9775.0,9850.0,53076200
2024-05-07 00:00:00+00:00,9700.0,9700.0,9750.0,9625.0,9700.0,66746800
2024-05-08 00:00:00+00:00,9375.0,9375.0,9700.0,9375.0,9600.0,112808900
2024-05-13 00:00:00+00:00,9525.0,9525.0,9525.0,9200.0,9200.0,145469900
2024-05-14 00:00:00+00:00,9550.0,9550.0,9675.0,9525.0,9625.0,95363500
2024-05-15 00:00:00+00:00,9500.0,9500.0,9600.0,9425.0,9500.0,54741900
2024-05-16 00:00:00+00:00,9600.0,9600.0,9675.0,9525.0,9575.0,61126000
2024-05-17 00:00:00+00:00,9750.0,9750.0,9850.0,9575.0,9600.0,99848500
2024-05-20 00:00:00+00:00,9475.0,9475.0,9800.0,9475.0,9700.0,87890100
2024-05-21 00:00:00+00:00,9375.0,9375.0,9575.0,9375.0,9450.0,75311400
2024-05-22 00:00:00+00:00,9425.0,9425.0,9575.0,9325.0,9475.0,121712700
2024-05-27 00:00:00+00:00,9300.0,9300.0,9375.0,9275.0,9300.0,128578500
2024-05-28 00:00:00+00:00,9300.0,9300.0,9400.0,9300.0,9300.0,73945700
2024-05-29 00:00:00+00:00,9150.0,9150.0,9325.0,9150.0,9275.0,117351600
2024-05-30 00:00:00+00:00,9000.0,9000.0,9250.0,8775.0,9000.0,207115100
2024-05-31 00:00:00+00:00,9250.0,9250.0,9250.0,9025.0,9100.0,756431600
2024-06-03 00:00:00+00:00,9275.0,9275.0,9350.0,9225.0,9350.0,72197700
2024-06-04 00:00:00+00:00,9350.0,9350.0,9525.0,9350.0,9525.0,75353100
2024-06-05 00:00:00+00:00,9450.0,9450.0,9500.0,9300.0,9500.0,82087300
2024-06-06 00:00:00+00:00,9475.0,9475.0,9525.0,9450.0,9525.0,44991300
2024-06-07 00:00:00+00:00,9325.0,9325.0,9500.0,9325.0,9500.0,51599800
2024-06-10 00:00:00+00:00,9525.0,9525.0,9525.0,9450.0,9500.0,45584700
2024-06-11 00:00:00+00:00,9300.0,9300.0,9550.0,9300.0,9550.0,68690900
2024-06-12 00:00:00+00:00,9250.0,9250.0,9325.0,9250.0,9300.0,49785700
2024-06-13 00:00:00+00:00,9200.0,9200.0,9475.0,9200.0,9475.0,84652200
2024-06-14 00:00:00+00:00,9200.0,9200.0,9250.0,9100.0,9200.0,52986300
2024-06-19 00:00:00+00:00,9050.0,9050.0,9250.0,9050.0,9250.0,100051000
2024-06-20 00:00:00+00:00,9425.0,9425.0,9425.0,9100.0,9150.0,81474800
2024-06-21 00:00:00+00:00,9600.0,9600.0,9675.0,9400.0,9475.0,166841200
2024-06-24 00:00:00+00:00,9600.0,9600.0,9750.0,9575.0,9600.0,79592300
2024-06-25 00:00:00+00:00,9600.0,9600.0,9600.0,9450.0,9600.0,80029000
2024-06-26 00:00:00+00:00,9500.0,9500.0,9650.0,9450.0,9525.0,77913200
2024-06-27 00:00:00+00:00,9750.0,9750.0,9750.0,9550.0,9575.0,89150700
2024-06-28 00:00:00+00:00,9925.0,9925.0,9975.0,9775.0,9800.0,166172300
2024-07-01 00:00:00+00:00,9875.0,9875.0,9900.0,9825.0,9850.0,68634600
2024-07-02 00:00:00+00:00,9900.0,9900.0,10000.0,9850.0,10000.0,78848500
2024-07-03 00:00:00+00:00,10000.0,10000.0,10000.0,9925.0,9975.0,55860200
2024-07-04 00:00:00+00:00,9825.0,9825.0,10000.0,9825.0,9975.0,67054000
2024-07-05 00:00:00+00:00,9950.0,9950.0,9975.0,9875.0,9925.0,36946900
2024-07-08 00:00:00+00:00,10050.0,10050.0,10050.0,9950.0,10000.0,72903600
2024-07-09 00:00:00+00:00,10075.0,10075.0,10150.0,10075.0,10100.0,61853200
2024-07-10 00:00:00+00:00,10100.0,10100.0,10225.0,10050.0,10175.0,62325900
2024-07-11 00:00:00+00:00,10075.0,10075.0,10125.0,10000.0,10000.0,55908400
2024-07-12 00:00:00+00:00,10075.0,10075.0,10100.0,10025.0,10050.0,62646500
2024-07-15 00:00:00+00:00,10050.0,10050.0,10075.0,9950.0,10050.0,36682600
2024-07-16 00:00:00+00:00,9950.0,9950.0,10025.0,9950.0,9975.0,37192700
2024-07-17 00:00:00+00:00,9800.0,9800.0,9950.0,9800.0,9900.0,90666000
2024-07-18 00:00:00+00:00,10100.0,10100.0,10100.0,9800.0,9800.0,65383200
2024-07-19 00:00:00+00:00,10125.0,10125.0,10125.0,9975.0,10050.0,53880300
2024-07-22 00:00:00+00:00,10100.0,10100.0,10150.0,10100.0,10125.0,31285300
2024-07-23 00:00:00+00:00,10175.0,10175.0,10200.0,10125.0,10200.0,39321100
2024-07-24 00:00:00+00:00,10075.0,10075.0,10175.0,10075.0,10125.0,24658000
2024-07-25 00:00:00+00:00,10300.0,10300.0,10300.0,10200.0,10225.0,98088100
2024-07-26 00:00:00+00:00,10325.0,10325.0,10400.0,10300.0,10375.0,75565800
2024-07-29 00:00:00+00:00,10250.0,10250.0,10425.0,10175.0,10400.0,69092500
2024-07-30 00:00:00+00:00,10175.0,10175.0,10300.0,10175.0,10300.0,32122900
2024-07-31 00:00:00+00:00,10275.0,10275.0,10350.0,10225.0,10350.0,82519900
2024-08-01 00:00:00+00:00,10375.0,10375.0,10375.0,10200.0,10200.0,61176200
2024-08-02 00:00:00+00:00,10200.0,10200.0,10350.0,10200.0,10275.0,55699900
2024-08-05 00:00:00+00:00,9875.0,9875.0,10150.0,9875.0,10000.0,126328300
2024-08-06 00:00:00+00:00,10000.0,10000.0,10075.0,9950.0,10075.0,78473900
2024-08-07 00:00:00+00:00,10100.0,10100.0,10100.0,10000.0,10000.0,52327400
2024-08-08 00:00:00+00:00,10225.0,10225.0,10225.0,10075.0,10150.0,54162100
2024-08-09 00:00:00+00:00,10150.0,10150.0,10250.0,10100.0,10225.0,47062400
2024-08-12 00:00:00+00:00,10200.0,10200.0,10200.0,10075.0,10100.0,40364100
2024-08-13 00:00:00+00:00,10300.0,10300.0,10300.0,10175.0,10250.0,55207100
2024-08-14 00:00:00+00:00,10200.0,10200.0,10300.0,10200.0,10300.0,47999100
2024-08-15 00:00:00+00:00,10225.0,10225.0,10300.0,10175.0,10200.0,33396600
2024-08-16 00:00:00+00:00,10325.0,10325.0,10325.0,10250.0,10300.0,40731400
2024-08-19 00:00:00+00:00,10375.0,10375.0,10425.0,10275.0,10325.0,51054400
2024-08-20 00:00:00+00:00,10425.0,10425.0,10450.0,10300.0,10325.0,60304400
2024-08-21 00:00:00+00:00,10425.0,10425.0,10500.0,10425.0,10500.0,84848800
2024-08-22 00:00:00+00:00,10325.0,10325.0,10400.0,10225.0,10350.0,56611600
2024-08-23 00:00:00+00:00,10325.0,10325.0,10375.0,10300.0,10325.0,46651600
2024-08-26 00:00:00+00:00,10325.0,10325.0,10375.0,10250.0,10275.0,35145600
2024-08-27 00:00:00+00:00,10200.0,10200.0,10300.0,10175.0,10275.0,60448400
2024-08-28 00:00:00+00:00,10350.0,10350.0,10350.0,10250.0,10300.0,38489900
2024-08-29 00:00:00+00:00,10225.0,10225.0,10500.0,10225.0,10500.0,53004700
2024-08-30 00:00:00+00:00,10325.0,10325.0,10325.0,10200.0,10325.0,158403700
2024-09-02 00:00:00+00:00,10275.0,10275.0,10375.0,10200.0,10375.0,72008600
2024-09-03 00:00:00+00:00,10175.0,10175.0,10325.0,10150.0,10325.0,50950200
2024-09-04 00:00:00+00:00,10300.0,10300.0,10300.0,10125.0,10150.0,44817000
2024-09-05 00:00:00+00:00,10250.0,10250.0,10350.0,10250.0,10350.0,39332900
2024-09-06 00:00:00+00:00,10300.0,10300.0,10300.0,10225.0,10225.0,31541800
2024-09-09 00:00:00+00:00,10275.0,10275.0,10350.0,10200.0,10300.0,36185100
2024-09-10 00:00:00+00:00,10350.0,10350.0,10350.0,10275.0,10350.0,55093100
2024-09-11 00:00:00+00:00,10425.0,10425.0,10425.0,10350.0,10425.0,64621300
2024-09-12 00:00:00+00:00,10475.0,10475.0,10500.0,10375.0,10450.0,70759100
2024-09-13 00:00:00+00:00,10425.0,10425.0,10425.0,10325.0,10400.0,70057100
2024-09-17 00:00:00+00:00,10500.0,10500.0,10500.0,10350.0,10450.0,89745000
2024-09-18 00:00:00+00:00,10625.0,10625.0,10625.0,10450.0,10500.0,65420200
2024-09-19 00:00:00+00:00,10900.0,10900.0,10900.0,10650.0,10700.0,140886600
2024-09-20 00:00:00+00:00,10775.0,10775.0,10900.0,10775.0,10900.0,142194600
2024-09-23 00:00:00+00:00,10950.0,10950.0,10950.0,10725.0,10725.0,72553800
2024-09-24 00:00:00+00:00,10800.0,10800.0,10950.0,10775.0,10775.0,105191100
2024-09-25 00:00:00+00:00,10850.0,10850.0,10850.0,10525.0,10675.0,158369100
2024-09-26 00:00:00+00:00,10700.0,10700.0,10875.0,10675.0,10875.0,84960100
2024-09-27 00:00:00+00:00,10650.0,10650.0,10750.0,10400.0,10500.0,93027400
2024-09-30 00:00:00+00:00,10325.0,10325.0,10550.0,10325.0,10475.0,144692100
2024-10-01 00:00:00+00:00,10550.0,10550.0,10550.0,10375.0,10400.0,59797700
2024-10-02 00:00:00+00:00,10500.0,10500.0,10550.0,10325.0,10325.0,86746200
2024-10-03 00:00:00+00:00,10450.0,10450.0,10525.0,10400.0,10450.0,60887000
2024-10-04 00:00:00+00:00,10475.0,10475.0,10475.0,10350.0,10400.0,58500400
2024-10-07 00:00:00+00:00,10300.0,10300.0,10375.0,10250.0,10350.0,91867900
2024-10-08 00:00:00+00:00,10400.0,10400.0,10500.0,10150.0,10200.0,99622900
2024-10-09 00:00:00+00:00,10425.0,10425.0,10525.0,10400.0,10400.0,56835200
2024-10-10 00:00:00+00:00,10500.0,10500.0,10500.0,10400.0,10425.0,51080000
2024-10-11 00:00:00+00:00,10375.0,10375.0,10575.0,10375.0,10575.0,44632100
2024-10-14 00:00:00+00:00,10500.0,10500.0,10500.0,10375.0,10375.0,31738600
2024-10-15 00:00:00+00:00,10625.0,10625.0,10625.0,10450.0,10550.0,66635200
2024-10-16 00:00:00+00:00,10475.0,10475.0,10725.0,10475.0,10700.0,63255900
2024-10-17 00:00:00+00:00,10725.0,10725.0,10800.0,10500.0,10550.0,66993300
2024-10-18 00:00:00+00:00,10750.0,10750.0,10875.0,10725.0,10875.0,56299600
2024-10-21 00:00:00+00:00,10675.0,10675.0,10850.0,10675.0,10850.0,36472500
2024-10-22 00:00:00+00:00,10500.0,10500.0,10600.0,10475.0,10475.0,94799500
2024-10-23 00:00:00+00:00,10650.0,10650.0,10650.0,10475.0,10475.0,48903000
2024-10-24 00:00:00+00:00,10700.0,10700.0,10850.0,10700.0,10725.0,85341200
2024-10-25 00:00:00+00:00,10750.0,10750.0,10750.0,10625.0,10650.0,34847500
2024-10-28 00:00:00+00:00,10600.0,10600.0,10825.0,10600.0,10825.0,39061500
2024-10-29 00:00:00+00:00,10500.0,10500.0,10575.0,10500.0,10525.0,49680100
2024-10-30 00:00:00+00:00,10350.0,10350.0,10400.0,10275.0,10275.0,114484100
2024-10-31 00:00:00+00:00,10250.0,10250.0,10475.0,10250.0,10325.0,97553400
2024-11-01 00:00:00+00:00,10425.0,10425.0,10425.0,10275.0,10275.0,47710000
2024-11-04 00:00:00+00:00,10375.0,10375.0,10500.0,10300.0,10425.0,49275700
2024-11-05 00:00:00+00:00,10500.0,10500.0,10575.0,10300.0,10300.0,50296500
2024-11-06 00:00:00+00:00,10450.0,10450.0,10500.0,10375.0,10475.0,50324900
2024-11-07 00:00:00+00:00,10175.0,10175.0,10450.0,10175.0,10325.0,131579100
2024-11-08 00:00:00+00:00,10075.0,10075.0,10225.0,10050.0,10200.0,92166100
2024-11-11 00:00:00+00:00,10050.0,10050.0,10050.0,9800.0,9800.0,128707600
2024-11-12 00:00:00+00:00,10150.0,10150.0,10225.0,10000.0,10100.0,80378500
2024-11-13 00:00:00+00:00,10150.0,10150.0,10250.0,10150.0,10225.0,62933100
2024-11-14 00:00:00+00:00,10100.0,10100.0,10175.0,10075.0,10125.0,56381400
