date,adj close,close,high,low,open,volume
2019-12-16,5704.06689453125,6360.0,6395.0,6340.0,6340.0,78684000
2019-12-17,5829.6279296875,6500.0,6500.0,6365.0,6395.0,102914500
2019-12-18,6058.3291015625,6755.0,6800.0,6440.0,6500.0,181804000
2019-12-19,5919.314453125,6600.0,6720.0,6590.0,6700.0,74171000
2019-12-20,5973.12646484375,6660.0,6740.0,6610.0,6680.0,99453000
2019-12-23,5973.12646484375,6660.0,6730.0,6650.0,6680.0,46558500
2019-12-26,5991.06396484375,6680.0,6725.0,6660.0,6660.0,38188500
2019-12-27,6004.51708984375,6695.0,6700.0,6670.0,6670.0,29945000
2019-12-30,5995.54833984375,6685.0,6720.0,6670.0,6680.0,61168000
2020-01-02,6000.0322265625,6690.0,6780.0,6680.0,6695.0,49445000
2020-01-03,6098.6875,6800.0,6800.0,6725.0,6750.0,47755500
2020-01-06,6040.3916015625,6735.0,6750.0,6690.0,6720.0,27300000
2020-01-07,6044.87548828125,6740.0,6770.0,6730.0,6735.0,45022500
2020-01-08,5991.06396484375,6680.0,6745.0,6670.0,6670.0,53692500
2020-01-09,6044.87548828125,6740.0,6755.0,6730.0,6740.0,40363500
2020-01-10,6031.421875,6725.0,6825.0,6710.0,6765.0,73362000
2020-01-13,6049.3603515625,6745.0,6760.0,6735.0,6740.0,67855000
2020-01-14,6161.46826171875,6870.0,6885.0,6740.0,6745.0,93582000
2020-01-15,6130.078125,6835.0,7060.0,6800.0,6870.0,75623500
2020-01-16,6143.53076171875,6850.0,6890.0,6795.0,6805.0,88931500
2020-01-17,6165.9521484375,6875.0,6890.0,6800.0,6840.0,38249500
2020-01-20,6130.078125,6835.0,6975.0,6830.0,6950.0,93554500
2020-01-21,6125.59326171875,6830.0,6895.0,6825.0,6885.0,103984500
2020-01-22,6134.56201171875,6840.0,6895.0,6835.0,6855.0,94311500
2020-01-23,6134.56201171875,6840.0,6895.0,6830.0,6885.0,87728000
2020-01-24,6107.6572265625,6810.0,6880.0,6810.0,6820.0,69653500
2020-01-27,6134.56201171875,6840.0,6940.0,6815.0,6865.0,39679000
2020-01-28,6089.71826171875,6790.0,6845.0,6755.0,6835.0,82615000
2020-01-29,6085.234375,6785.0,6845.0,6770.0,6800.0,43821000
2020-01-30,6044.87548828125,6740.0,6845.0,6730.0,6845.0,71990000
2020-01-31,5811.68994140625,6480.0,6805.0,6480.0,6800.0,163136500
2020-02-03,5775.81591796875,6440.0,6585.0,6370.0,6480.0,149797000
2020-02-04,5919.314453125,6600.0,6620.0,6520.0,6570.0,113316500
2020-02-05,6035.90771484375,6730.0,6780.0,6650.0,6780.0,123002500
2020-02-06,6044.87548828125,6740.0,6780.0,6680.0,6740.0,154693500
2020-02-07,6062.81298828125,6760.0,6780.0,6705.0,6710.0,82609000
2020-02-10,6085.234375,6785.0,6785.0,6630.0,6760.0,66578500
2020-02-11,6080.75,6780.0,6785.0,6745.0,6785.0,77526500
2020-02-12,6098.6875,6800.0,6800.0,6760.0,6800.0,69971500
2020-02-13,6089.71826171875,6790.0,6820.0,6740.0,6820.0,49737000
2020-02-14,5991.06396484375,6680.0,6795.0,6675.0,6780.0,147028500
2020-02-17,6026.93798828125,6720.0,6750.0,6680.0,6680.0,115319000
2020-02-18,6004.51708984375,6695.0,6720.0,6670.0,6685.0,98436500
2020-02-19,6004.51708984375,6695.0,6760.0,6665.0,6665.0,74594000
2020-02-20,5914.830078125,6595.0,6695.0,6565.0,6690.0,136724500
2020-02-21,5932.76708984375,6615.0,6660.0,6595.0,6600.0,98261000
2020-02-24,5852.04931640625,6525.0,6600.0,6510.0,6565.0,84910000
2020-02-25,5856.5341796875,6530.0,6560.0,6510.0,6550.0,86446500
2020-02-26,5757.87841796875,6420.0,6535.0,6420.0,6500.0,92824500
2020-02-27,5641.2861328125,6290.0,6475.0,6200.0,6470.0,129254500
2020-02-28,5641.2861328125,6290.0,6290.0,6035.0,6200.0,169946500
2020-03-02,5452.94384765625,6080.0,6290.0,6035.0,6290.0,144871500
2020-03-03,5668.19189453125,6320.0,6350.0,6200.0,6200.0,114663500
2020-03-04,5775.81591796875,6440.0,6500.0,6260.0,6315.0,83025000
2020-03-05,5771.33154296875,6435.0,6540.0,6340.0,6540.0,77583000
2020-03-06,5560.568359375,6200.0,6350.0,6200.0,6350.0,77835500
2020-03-09,5188.36865234375,5785.0,6040.0,5785.0,6000.0,140889500
2020-03-10,5313.93017578125,5925.0,6010.0,5840.0,5840.0,133667000
2020-03-11,5246.66552734375,5850.0,5980.0,5790.0,5950.0,93204500
2020-03-12,4986.57421875,5560.0,5640.0,5460.0,5600.0,129845500
2020-03-13,4986.57421875,5560.0,5560.0,5560.0,5560.0,0
2020-03-16,4986.57421875,5560.0,5560.0,5560.0,5560.0,0
2020-03-17,4591.95361328125,5120.0,5505.0,5120.0,5495.0,212200000
2020-03-18,4484.3291015625,5000.0,5380.0,4765.0,5120.0,180053500
2020-03-19,4170.42578125,4650.0,4995.0,4650.0,4995.0,264419000
2020-03-20,4246.66015625,4735.0,5385.0,4325.0,4600.0,335132000
2020-03-23,3973.1162109375,4430.0,5000.0,4405.0,4760.0,217843500
2020-03-24,4035.8955078125,4500.0,4995.0,4450.0,4450.0,253971000
2020-03-26,4735.451171875,5280.0,5395.0,4650.0,4650.0,331633000
2020-03-27,4941.72998046875,5510.0,5895.0,5355.0,5360.0,269683000
2020-03-30,4928.27734375,5495.0,5555.0,5155.0,5480.0,159964500
2020-03-31,4955.18359375,5525.0,5710.0,5485.0,5660.0,182638500
2020-04-01,4914.8251953125,5480.0,5750.0,5425.0,5560.0,152831500
2020-04-02,4852.044921875,5410.0,5470.0,5360.0,5470.0,136623500
2020-04-03,4928.27734375,5495.0,5530.0,5365.0,5460.0,110506000
2020-04-06,5143.525390625,5735.0,5740.0,5495.0,5520.0,78184000
2020-04-07,5071.77587890625,5655.0,6100.0,5580.0,5735.0,149153500
2020-04-08,5053.8388671875,5635.0,5660.0,5480.0,5655.0,106111500
2020-04-09,5017.96435546875,5595.0,5695.0,5500.0,5600.0,89997000
2020-04-13,4932.76220703125,5500.0,5615.0,5480.0,5540.0,58043000
2020-04-14,4946.21533203125,5515.0,5590.0,5445.0,5505.0,95796000
2020-04-15,4919.3095703125,5485.0,5630.0,5445.0,5515.0,95342000
2020-04-16,4699.57666015625,5240.0,5520.0,5185.0,5485.0,176990500
2020-04-17,4865.49755859375,5425.0,5445.0,5280.0,5300.0,160935500
2020-04-20,4802.71728515625,5355.0,5500.0,5330.0,5430.0,90744000
2020-04-21,4707.8310546875,5160.0,5355.0,5160.0,5355.0,73431000
2020-04-22,4694.14453125,5145.0,5235.0,5045.0,5160.0,107263500
2020-04-23,4671.33544921875,5120.0,5245.0,5120.0,5180.0,105419500
2020-04-24,4488.861328125,4920.0,5140.0,4920.0,5120.0,131149500
2020-04-27,4525.35546875,4960.0,5020.0,4855.0,4940.0,151103500
2020-04-28,4406.74853515625,4830.0,4975.0,4805.0,4960.0,180488000
2020-04-29,4424.9951171875,4850.0,4850.0,4800.0,4825.0,121161000
2020-04-30,4716.953125,5170.0,5250.0,4880.0,4880.0,174081000
2020-05-04,4762.57177734375,5220.0,5300.0,5000.0,5150.0,114497500
2020-05-05,4821.87646484375,5285.0,5340.0,5200.0,5220.0,118643500
2020-05-06,4885.74267578125,5355.0,5370.0,5300.0,5315.0,86395500
2020-05-08,4785.380859375,5245.0,5400.0,5150.0,5345.0,123028000
2020-05-11,4831.00048828125,5295.0,5325.0,5245.0,5245.0,40615500
2020-05-12,4762.57177734375,5220.0,5340.0,5030.0,5340.0,118660000
2020-05-13,4662.2119140625,5110.0,5170.0,5085.0,5160.0,94973000
2020-05-14,4488.861328125,4920.0,5110.0,4905.0,5070.0,131268000
2020-05-15,4365.69091796875,4785.0,4995.0,4680.0,4920.0,205790000
2020-05-18,4347.44384765625,4765.0,4845.0,4750.0,4800.0,139997500
2020-05-19,4269.892578125,4680.0,4960.0,4680.0,4840.0,128504500
2020-05-20,4347.44384765625,4765.0,4800.0,4690.0,4720.0,119158000
2020-05-26,4534.4794921875,4970.0,5000.0,4775.0,4775.0,176076500
2020-05-27,4529.91748046875,4965.0,5000.0,4855.0,4970.0,151753500
2020-05-28,4831.00048828125,5295.0,5320.0,5000.0,5000.0,229233000
2020-05-29,4735.201171875,5190.0,5295.0,5190.0,5295.0,399414000
2020-06-02,4890.3046875,5360.0,5500.0,5240.0,5260.0,181369500
2020-06-03,5273.49951171875,5780.0,5780.0,5400.0,5410.0,279673500
2020-06-04,5282.623046875,5790.0,5990.0,5600.0,5780.0,236158500
2020-06-05,5223.31982421875,5725.0,5855.0,5585.0,5790.0,88157500
2020-06-08,5382.9833984375,5900.0,5925.0,5755.0,5755.0,173557500
2020-06-09,5296.30810546875,5805.0,5995.0,5795.0,5940.0,100110000
2020-06-10,5291.7470703125,5800.0,5865.0,5595.0,5800.0,115382500
2020-06-11,5182.26220703125,5680.0,5810.0,5605.0,5750.0,85187500
2020-06-12,5173.138671875,5670.0,5680.0,5480.0,5680.0,96044000
2020-06-15,5018.0361328125,5500.0,5710.0,5500.0,5680.0,100844500
2020-06-16,5255.2529296875,5760.0,5795.0,5580.0,5580.0,91518500
2020-06-17,5218.7578125,5720.0,5800.0,5680.0,5800.0,79800000
2020-06-18,5095.58740234375,5585.0,5740.0,5585.0,5720.0,68032000
2020-06-19,5086.46337890625,5575.0,5650.0,5545.0,5600.0,110071000
2020-06-22,5054.53076171875,5540.0,5660.0,5530.0,5595.0,51590500
2020-06-23,5127.5205078125,5620.0,5660.0,5520.0,5570.0,69954000
2020-06-24,5205.072265625,5705.0,5760.0,5640.0,5650.0,57333000
2020-06-25,5223.31982421875,5725.0,5745.0,5640.0,5700.0,51415000
2020-06-26,5150.330078125,5645.0,5760.0,5640.0,5720.0,57467500
2020-06-29,5177.701171875,5675.0,5695.0,5585.0,5640.0,48796500
2020-06-30,5195.94775390625,5695.0,5740.0,5660.0,5700.0,74474000
2020-07-01,5291.7470703125,5800.0,5800.0,5675.0,5700.0,63959000
2020-07-02,5355.61279296875,5870.0,5870.0,5760.0,5775.0,75585500
2020-07-03,5355.61279296875,5870.0,5905.0,5840.0,5870.0,52219000
2020-07-06,5414.9169921875,5935.0,5935.0,5850.0,5860.0,67800000
2020-07-07,5465.09716796875,5990.0,5995.0,5900.0,5940.0,74168000
2020-07-08,5656.6943359375,6200.0,6265.0,5980.0,5990.0,106444500
2020-07-09,5565.4580078125,6100.0,6240.0,6030.0,6210.0,93543500
2020-07-10,5656.6943359375,6200.0,6240.0,6080.0,6100.0,67224000
2020-07-13,5633.8857421875,6175.0,6240.0,6140.0,6230.0,86006000
2020-07-14,5656.6943359375,6200.0,6200.0,6110.0,6175.0,45616500
2020-07-15,5611.076171875,6150.0,6240.0,6150.0,6200.0,61468000
2020-07-16,5638.44775390625,6180.0,6200.0,6140.0,6150.0,66520500
2020-07-17,5583.70556640625,6120.0,6180.0,6040.0,6135.0,73348000
2020-07-20,5601.95263671875,6140.0,6160.0,6060.0,6120.0,59794500
2020-07-21,5656.6943359375,6200.0,6235.0,6100.0,6100.0,84159500
2020-07-22,5638.44775390625,6180.0,6250.0,6130.0,6210.0,44725500
2020-07-23,5656.6943359375,6200.0,6215.0,6140.0,6180.0,84026500
2020-07-24,5565.4580078125,6100.0,6200.0,6100.0,6200.0,58366500
2020-07-27,5565.4580078125,6100.0,6140.0,6000.0,6100.0,41972500
2020-07-28,5643.00927734375,6185.0,6200.0,6060.0,6120.0,65279000
2020-07-29,5597.39111328125,6135.0,6185.0,6100.0,6185.0,50262500
2020-07-30,5693.18994140625,6240.0,6240.0,6055.0,6135.0,80533500
2020-08-03,5592.82958984375,6130.0,6235.0,5825.0,6220.0,137079000
2020-08-04,5665.81884765625,6210.0,6220.0,6130.0,6155.0,79357000
2020-08-05,5661.2568359375,6205.0,6220.0,6100.0,6200.0,49393000
2020-08-06,5711.4375,6260.0,6295.0,6185.0,6215.0,55258500
2020-08-07,5638.44775390625,6180.0,6285.0,6160.0,6265.0,43621000
2020-08-10,5583.70556640625,6120.0,6200.0,6105.0,6180.0,37774500
2020-08-11,5633.8857421875,6175.0,6200.0,6130.0,6140.0,38795500
2020-08-12,5711.4375,6260.0,6260.0,6160.0,6175.0,35612000
2020-08-13,5747.931640625,6300.0,6300.0,6180.0,6260.0,48581000
2020-08-14,5843.73046875,6405.0,6405.0,6240.0,6300.0,57316000
2020-08-18,5802.67431640625,6360.0,6425.0,6300.0,6405.0,81563500
2020-08-19,5775.30322265625,6330.0,6410.0,6310.0,6360.0,58793500
2020-08-24,5761.6181640625,6315.0,6380.0,6280.0,6340.0,66882500
2020-08-25,5807.236328125,6365.0,6380.0,6305.0,6320.0,49211000
2020-08-26,5784.4267578125,6340.0,6390.0,6305.0,6385.0,42983000
2020-08-27,6021.642578125,6600.0,6600.0,6340.0,6365.0,68326000
2020-08-28,5925.84521484375,6495.0,6600.0,6425.0,6560.0,52292500
2020-08-31,5725.12255859375,6275.0,6540.0,6275.0,6500.0,97032000
2020-09-01,5948.6533203125,6520.0,6520.0,6240.0,6280.0,67446000
2020-09-02,5871.10302734375,6435.0,6560.0,6365.0,6520.0,66065000
2020-09-03,5930.40576171875,6500.0,6500.0,6300.0,6465.0,68208500
2020-09-04,5820.921875,6380.0,6450.0,6265.0,6450.0,80613500
2020-09-07,5734.24658203125,6285.0,6360.0,6200.0,6335.0,64249500
2020-09-08,5779.8642578125,6335.0,6360.0,6285.0,6285.0,39649000
2020-09-09,5697.751953125,6245.0,6320.0,6210.0,6300.0,49285000
2020-09-10,5300.87060546875,5810.0,6220.0,5810.0,6220.0,175735000
2020-09-11,5387.54638671875,5905.0,5975.0,5620.0,5800.0,403032500
2020-09-14,5519.83935546875,6050.0,6115.0,5985.0,6000.0,138115000
2020-09-15,5346.4892578125,5860.0,6100.0,5860.0,6040.0,170087000
2020-09-16,5246.1279296875,5750.0,5870.0,5745.0,5860.0,158565500
2020-09-17,5250.68994140625,5755.0,5855.0,5665.0,5750.0,138796000
2020-09-18,5136.6435546875,5630.0,5735.0,5570.0,5700.0,316912000
2020-09-21,5113.83544921875,5605.0,5735.0,5595.0,5640.0,112443000
2020-09-22,4972.41748046875,5450.0,5565.0,5430.0,5520.0,163442500
2020-09-23,5022.59765625,5505.0,5585.0,5425.0,5450.0,100517000
2020-09-24,4967.85546875,5445.0,5535.0,5390.0,5430.0,88618500
2020-09-25,5118.39697265625,5610.0,5625.0,5460.0,5480.0,100705000
2020-09-28,5031.72119140625,5515.0,5695.0,5500.0,5650.0,93522000
2020-09-29,5022.59765625,5505.0,5635.0,5460.0,5575.0,117778500
2020-09-30,4945.04638671875,5420.0,5565.0,5420.0,5565.0,107377000
2020-10-01,5081.90234375,5570.0,5570.0,5480.0,5485.0,56893000
2020-10-02,5022.59765625,5505.0,5565.0,5440.0,5560.0,66848000
2020-10-05,5036.28369140625,5520.0,5560.0,5460.0,5515.0,58291000
2020-10-06,5200.509765625,5700.0,5715.0,5600.0,5630.0,141955500
2020-10-07,5250.68994140625,5755.0,5755.0,5580.0,5600.0,89937500
2020-10-08,5273.49951171875,5780.0,5800.0,5710.0,5790.0,77384500
2020-10-09,5268.9375,5775.0,5775.0,5720.0,5750.0,54250500
2020-10-12,5341.92724609375,5855.0,5875.0,5830.0,5840.0,82918500
2020-10-13,5341.92724609375,5855.0,5860.0,5770.0,5840.0,48250500
2020-10-14,5382.9833984375,5900.0,5900.0,5810.0,5840.0,83117500
2020-10-15,5278.06201171875,5785.0,5880.0,5760.0,5875.0,82067000
2020-10-16,5255.2529296875,5760.0,5790.0,5730.0,5785.0,89051500
2020-10-19,5382.9833984375,5900.0,5900.0,5710.0,5750.0,56871500
2020-10-20,5296.30810546875,5805.0,5880.0,5785.0,5880.0,74995500
2020-10-21,5273.49951171875,5780.0,5865.0,5730.0,5860.0,77944000
2020-10-22,5291.7470703125,5800.0,5800.0,5705.0,5740.0,96872500
2020-10-23,5264.37548828125,5770.0,5840.0,5750.0,5840.0,66328000
2020-10-26,5305.43310546875,5815.0,5835.0,5725.0,5725.0,70452500
2020-10-27,5282.623046875,5790.0,5830.0,5755.0,5815.0,89482000
2020-11-02,5309.994140625,5820.0,5825.0,5720.0,5760.0,151006500
2020-11-03,5373.8603515625,5890.0,5895.0,5835.0,5840.0,78152000
2020-11-04,5309.994140625,5820.0,5940.0,5785.0,5900.0,78626000
2020-11-05,5611.076171875,6150.0,6180.0,5900.0,5900.0,161090000
2020-11-06,5747.931640625,6300.0,6300.0,6060.0,6160.0,137303500
2020-11-09,5734.24658203125,6285.0,6400.0,6215.0,6300.0,82739500
2020-11-10,5912.15869140625,6480.0,6600.0,6380.0,6395.0,191073500
2020-11-11,5966.90087890625,6540.0,6565.0,6480.0,6540.0,131383500
2020-11-12,5857.41650390625,6420.0,6495.0,6405.0,6410.0,83082500
2020-11-13,5830.04541015625,6390.0,6450.0,6320.0,6420.0,82374500
2020-11-16,5912.15869140625,6480.0,6485.0,6385.0,6485.0,54905000
2020-11-17,5976.0244140625,6550.0,6565.0,6490.0,6500.0,119784000
2020-11-18,5994.27197265625,6570.0,6575.0,6540.0,6550.0,99789000
2020-11-19,6035.32861328125,6615.0,6640.0,6515.0,6520.0,147346500
2020-11-20,6021.642578125,6600.0,6650.0,6550.0,6640.0,68468500
2020-11-23,6021.642578125,6600.0,6610.0,6550.0,6600.0,75265500
2020-11-24,5989.7099609375,6565.0,6600.0,6545.0,6600.0,72349500
2020-11-25,5848.29248046875,6410.0,6585.0,6380.0,6580.0,170140500
2020-11-26,5912.15869140625,6480.0,6490.0,6300.0,6350.0,64339000
2020-11-27,5825.4833984375,6385.0,6490.0,6380.0,6480.0,87361500
2020-11-30,5661.2568359375,6205.0,6400.0,6135.0,6385.0,393091500
2020-12-01,5834.607421875,6395.0,6435.0,6220.0,6220.0,114563500
2020-12-02,5884.787109375,6450.0,6485.0,6340.0,6460.0,93897500
2020-12-03,5893.91064453125,6460.0,6525.0,6425.0,6500.0,98210000
2020-12-04,5830.04541015625,6390.0,6465.0,6360.0,6460.0,64995500
2020-12-07,5948.6533203125,6520.0,6580.0,6480.0,6500.0,96636000
2020-12-08,5921.28271484375,6490.0,6520.0,6425.0,6520.0,70561500
2020-12-10,6017.00537109375,6575.0,6600.0,6540.0,6590.0,151420500
2020-12-11,6163.42724609375,6735.0,6780.0,6595.0,6600.0,214160000
2020-12-14,6241.212890625,6820.0,6830.0,6795.0,6800.0,179785500
2020-12-15,6213.75927734375,6790.0,6900.0,6605.0,6830.0,164024500
2020-12-16,6360.1806640625,6950.0,6950.0,6840.0,6860.0,138674000
2020-12-17,6346.453125,6935.0,7000.0,6820.0,6965.0,91920000
2020-12-18,6222.91064453125,6800.0,6935.0,6755.0,6935.0,147238500
2020-12-21,6250.3642578125,6830.0,6890.0,6800.0,6890.0,93692500
2020-12-22,6145.12451171875,6715.0,6820.0,6710.0,6740.0,61790500
2020-12-23,6154.27587890625,6725.0,6905.0,6620.0,6905.0,76948000
2020-12-28,6204.60791015625,6780.0,6820.0,6660.0,6790.0,60234000
2020-12-29,6190.880859375,6765.0,6810.0,6740.0,6775.0,34212500
2020-12-30,6195.45654296875,6770.0,6800.0,6700.0,6800.0,52675500
2021-01-04,6254.94091796875,6835.0,6855.0,6720.0,6800.0,47937000
2021-01-05,6488.2998046875,7090.0,7090.0,6850.0,6860.0,104831000
2021-01-06,6355.60546875,6945.0,7075.0,6880.0,7050.0,89753500
2021-01-07,6373.9072265625,6965.0,7050.0,6910.0,7000.0,71360000
2021-01-08,6451.69384765625,7050.0,7080.0,6975.0,7035.0,75033500
2021-01-11,6721.658203125,7345.0,7360.0,7145.0,7150.0,169034500
2021-01-12,6552.35888671875,7160.0,7380.0,7160.0,7345.0,95235000
2021-01-13,6515.75390625,7120.0,7275.0,7070.0,7245.0,76581500
2021-01-14,6424.240234375,7020.0,7090.0,6995.0,7050.0,89319500
2021-01-15,6364.75634765625,6955.0,7100.0,6840.0,7095.0,89853500
2021-01-18,6515.75390625,7120.0,7125.0,6845.0,6955.0,86343000
2021-01-19,6492.87548828125,7095.0,7120.0,7005.0,7120.0,73777000
2021-01-20,6492.87548828125,7095.0,7295.0,7070.0,7165.0,107216000
2021-01-21,6474.57275390625,7075.0,7300.0,7060.0,7280.0,66428000
2021-01-22,6479.1484375,7080.0,7160.0,7075.0,7075.0,80829000
2021-01-25,6437.966796875,7035.0,7200.0,7000.0,7200.0,76836500
2021-01-26,6241.212890625,6820.0,7000.0,6820.0,6955.0,98658000
2021-01-27,6213.75927734375,6790.0,6930.0,6705.0,6820.0,97920000
2021-01-28,6314.4248046875,6900.0,6925.0,6790.0,6790.0,104627000
2021-01-29,6186.3046875,6760.0,7000.0,6760.0,6900.0,132762500
2021-02-01,6241.212890625,6820.0,6920.0,6595.0,6760.0,113129000
2021-02-02,6222.91064453125,6800.0,6980.0,6800.0,6965.0,86741000
2021-02-03,6245.7890625,6825.0,7000.0,6825.0,7000.0,67291000
2021-02-04,6273.24267578125,6855.0,7000.0,6835.0,6920.0,80950500
2021-02-05,6328.1513671875,6915.0,6950.0,6855.0,6870.0,51602000
2021-02-08,6332.7275390625,6920.0,7055.0,6880.0,7050.0,45604000
2021-02-09,6387.63427734375,6980.0,7030.0,6955.0,7000.0,75574000
2021-02-10,6332.7275390625,6920.0,7050.0,6900.0,7050.0,44984500
2021-02-11,6296.12060546875,6880.0,6985.0,6840.0,6985.0,36926000
2021-02-15,6222.91064453125,6800.0,6890.0,6720.0,6830.0,83922000
2021-02-16,6351.02880859375,6940.0,6945.0,6830.0,6880.0,47221000
2021-02-17,6314.4248046875,6900.0,6960.0,6850.0,6890.0,66011500
2021-02-18,6163.42724609375,6735.0,6900.0,6735.0,6850.0,91204000
2021-02-19,6245.7890625,6825.0,6850.0,6760.0,6780.0,70487500
2021-02-22,6213.75927734375,6790.0,6940.0,6790.0,6900.0,68913000
2021-02-23,6245.7890625,6825.0,6845.0,6775.0,6820.0,58360000
2021-02-24,6154.27587890625,6725.0,6835.0,6725.0,6825.0,71869000
2021-02-25,6135.97265625,6705.0,6770.0,6680.0,6740.0,78688000
2021-02-26,6140.54833984375,6710.0,6810.0,6645.0,6705.0,173631500
2021-03-01,6447.11767578125,7045.0,7045.0,6800.0,6830.0,205539000
2021-03-02,6419.6650390625,7015.0,7160.0,7000.0,7120.0,81446500
2021-03-03,6405.93798828125,7000.0,7085.0,7000.0,7065.0,84470000
2021-03-04,6149.69970703125,6720.0,7000.0,6720.0,6905.0,120802500
2021-03-05,6222.91064453125,6800.0,6925.0,6720.0,6720.0,111871500
2021-03-08,6149.69970703125,6720.0,6950.0,6720.0,6950.0,90883000
2021-03-09,6044.45947265625,6605.0,6715.0,6600.0,6700.0,135582000
2021-03-10,6135.97265625,6705.0,6720.0,6620.0,6720.0,50302000
2021-03-12,6190.880859375,6765.0,6880.0,6715.0,6875.0,74328000
2021-03-15,6099.3671875,6665.0,6820.0,6665.0,6815.0,57416000
2021-03-16,6062.76171875,6625.0,6710.0,6620.0,6710.0,70755500
2021-03-17,6049.03515625,6610.0,6665.0,6605.0,6650.0,71474500
2021-03-18,6135.97265625,6705.0,6720.0,6610.0,6620.0,70067500
2021-03-19,6186.3046875,6760.0,6770.0,6625.0,6770.0,125853000
2021-03-22,6058.18701171875,6620.0,6680.0,6610.0,6640.0,67523500
2021-03-23,6007.8544921875,6565.0,6720.0,6555.0,6720.0,127762500
2021-03-24,5893.462890625,6440.0,6550.0,6420.0,6515.0,152050000
2021-03-25,5829.4033203125,6370.0,6440.0,6330.0,6400.0,119101500
2021-03-26,5870.58447265625,6415.0,6445.0,6300.0,6370.0,134467500
2021-03-29,5820.25146484375,6360.0,6515.0,6360.0,6410.0,113370500
2021-03-30,5852.28173828125,6395.0,6455.0,6370.0,6370.0,83115500
2021-03-31,5687.55712890625,6215.0,6395.0,6145.0,6390.0,223390500
2021-04-01,5696.70849609375,6225.0,6270.0,6155.0,6215.0,112286000
2021-04-05,5632.64892578125,6155.0,6290.0,6155.0,6250.0,73311500
2021-04-06,5641.80078125,6165.0,6170.0,6080.0,6135.0,80215000
2021-04-07,5719.58740234375,6250.0,6275.0,6135.0,6155.0,107908000
2021-04-08,5693.046875,6135.0,6215.0,6125.0,6200.0,123697500
2021-04-09,5753.3642578125,6200.0,6320.0,6145.0,6315.0,116961000
2021-04-12,5628.09033203125,6065.0,6295.0,6060.0,6295.0,110411500
2021-04-13,5567.7724609375,6000.0,6060.0,5980.0,6050.0,119211500
2021-04-14,5850.80078125,6305.0,6305.0,6060.0,6105.0,135519500
2021-04-15,5827.60205078125,6280.0,6310.0,6180.0,6305.0,102686500
2021-04-16,5822.9619140625,6275.0,6370.0,6215.0,6370.0,79293500
2021-04-19,5818.322265625,6270.0,6280.0,6230.0,6275.0,47095000
2021-04-20,5785.84326171875,6235.0,6250.0,6185.0,6200.0,72721000
2021-04-21,5720.8857421875,6165.0,6225.0,6165.0,6200.0,68397000
2021-04-22,5767.2841796875,6215.0,6275.0,6180.0,6200.0,63758000
2021-04-23,5929.67724609375,6390.0,6395.0,6225.0,6280.0,108498500
2021-04-26,5832.24169921875,6285.0,6400.0,6280.0,6395.0,108742000
2021-04-27,5943.5966796875,6405.0,6435.0,6355.0,6370.0,132650000
2021-04-28,5864.72021484375,6320.0,6405.0,6315.0,6400.0,87660000
2021-04-29,5948.23681640625,6410.0,6460.0,6360.0,6460.0,57355000
2021-04-30,5943.5966796875,6405.0,6450.0,6380.0,6450.0,65829500
2021-05-03,5929.67724609375,6390.0,6480.0,6345.0,6480.0,42065500
2021-05-04,5938.95703125,6400.0,6430.0,6340.0,6350.0,50123500
2021-05-05,5962.15576171875,6425.0,6430.0,6400.0,6420.0,51685000
2021-05-06,5962.15576171875,6425.0,6450.0,6400.0,6400.0,38115500
2021-05-07,5938.95703125,6400.0,6460.0,6385.0,6460.0,48864000
2021-05-10,5957.5166015625,6420.0,6420.0,6395.0,6400.0,68180500
2021-05-11,6013.19384765625,6480.0,6480.0,6305.0,6400.0,70680000
2021-05-17,6031.7529296875,6500.0,6500.0,6375.0,6500.0,129058500
2021-05-18,5929.67724609375,6390.0,6455.0,6365.0,6400.0,73563000
2021-05-19,5887.91943359375,6345.0,6400.0,6335.0,6380.0,64912500
2021-05-20,5920.3974609375,6380.0,6435.0,6350.0,6390.0,64950000
2021-05-21,5901.837890625,6360.0,6450.0,6260.0,6450.0,92620000
2021-05-24,5869.35986328125,6325.0,6380.0,6290.0,6355.0,59210000
2021-05-25,5897.19873046875,6355.0,6440.0,6300.0,6300.0,87470000
2021-05-27,5818.322265625,6270.0,6480.0,6270.0,6440.0,537971500
2021-05-28,5883.27880859375,6340.0,6370.0,6330.0,6330.0,102108500
2021-05-31,5915.75830078125,6375.0,6390.0,6325.0,6360.0,101442000
2021-06-02,5999.2744140625,6465.0,6515.0,6420.0,6500.0,141732500
2021-06-03,6124.54931640625,6600.0,6600.0,6430.0,6495.0,133810500
2021-06-04,6105.990234375,6580.0,6620.0,6500.0,6620.0,62108500
2021-06-07,6059.59228515625,6530.0,6570.0,6430.0,6560.0,62576000
2021-06-08,5966.79638671875,6430.0,6575.0,6430.0,6575.0,64348000
2021-06-09,6059.59228515625,6530.0,6535.0,6360.0,6360.0,77198000
2021-06-10,6143.1083984375,6620.0,6620.0,6490.0,6555.0,73262500
2021-06-11,6003.9150390625,6470.0,6580.0,6460.0,6570.0,72780500
2021-06-14,5948.23681640625,6410.0,6520.0,6400.0,6520.0,61478500
2021-06-15,6003.9150390625,6470.0,6470.0,6405.0,6445.0,87799000
2021-06-16,5925.03759765625,6385.0,6435.0,6360.0,6420.0,48984000
2021-06-17,5874.0,6330.0,6390.0,6275.0,6390.0,68448500
2021-06-18,5869.35986328125,6325.0,6345.0,6280.0,6300.0,118043000
2021-06-21,5799.76220703125,6250.0,6300.0,6210.0,6300.0,60823500
2021-06-22,5883.27880859375,6340.0,6390.0,6240.0,6250.0,65824000
2021-06-23,5781.203125,6230.0,6340.0,6230.0,6295.0,52451000
2021-06-24,5762.64453125,6210.0,6310.0,6200.0,6310.0,56010000
2021-06-25,5744.08544921875,6190.0,6260.0,6190.0,6230.0,68939500
2021-06-28,5618.8095703125,6055.0,6150.0,6055.0,6100.0,84420500
2021-06-29,5609.5302734375,6045.0,6090.0,6040.0,6050.0,53704000
2021-06-30,5590.97119140625,6025.0,6070.0,6000.0,6000.0,65795000
2021-07-01,5590.97119140625,6025.0,6075.0,6000.0,6060.0,58153000
2021-07-02,5660.56884765625,6100.0,6140.0,6040.0,6070.0,67392500
2021-07-05,5669.8486328125,6110.0,6130.0,6070.0,6100.0,39710500
2021-07-06,5618.8095703125,6055.0,6110.0,6055.0,6110.0,34279500
2021-07-07,5628.09033203125,6065.0,6180.0,6030.0,6180.0,35595000
2021-07-08,5581.69140625,6015.0,6040.0,5980.0,6000.0,47297000
2021-07-09,5586.33154296875,6020.0,6020.0,5990.0,6010.0,40707500
2021-07-12,5725.5263671875,6170.0,6180.0,6020.0,6070.0,65981500
2021-07-13,5609.5302734375,6045.0,6175.0,6015.0,6170.0,65946500
2021-07-14,5558.49267578125,5990.0,6030.0,5980.0,6020.0,59321000
2021-07-15,5674.48828125,6115.0,6115.0,5995.0,6000.0,49724000
2021-07-16,5669.8486328125,6110.0,6170.0,6055.0,6170.0,47998500
2021-07-19,5572.41259765625,6005.0,6110.0,6005.0,6110.0,47119000
2021-07-21,5577.05224609375,6010.0,6120.0,6010.0,6050.0,55009500
2021-07-22,5711.6064453125,6155.0,6155.0,6050.0,6115.0,60792000
2021-07-23,5600.25048828125,6035.0,6190.0,6025.0,6180.0,79938000
2021-07-26,5572.41259765625,6005.0,6060.0,6005.0,6040.0,48171500
2021-07-27,5572.41259765625,6005.0,6060.0,6000.0,6005.0,53107500
2021-07-28,5549.21240234375,5980.0,6010.0,5970.0,6005.0,74133000
2021-07-29,5604.89013671875,6040.0,6085.0,5980.0,6055.0,84605000
2021-07-30,5539.93359375,5970.0,6100.0,5960.0,6040.0,105685000
2021-08-02,5530.65380859375,5960.0,6065.0,5905.0,6060.0,119981500
2021-08-03,5702.32666015625,6145.0,6180.0,5985.0,6025.0,110071500
2021-08-04,5679.1279296875,6120.0,6150.0,6060.0,6145.0,41112000
2021-08-05,5846.16064453125,6300.0,6310.0,6140.0,6170.0,93768000
2021-08-06,5716.24658203125,6160.0,6360.0,6135.0,6360.0,67285000
2021-08-09,5753.3642578125,6200.0,6200.0,6105.0,6135.0,52858500
2021-08-10,5846.16064453125,6300.0,6300.0,6115.0,6250.0,60446000
2021-08-12,5846.16064453125,6300.0,6320.0,6120.0,6120.0,118325500
2021-08-13,5948.23681640625,6410.0,6435.0,6325.0,6350.0,86929000
2021-08-16,5957.5166015625,6420.0,6420.0,6305.0,6420.0,69282000
2021-08-18,6124.54931640625,6600.0,6760.0,6460.0,6520.0,186354500
2021-08-19,6124.54931640625,6600.0,6600.0,6530.0,6600.0,100926000
2021-08-20,6124.54931640625,6600.0,6600.0,6510.0,6600.0,120163500
2021-08-23,6115.26953125,6590.0,6590.0,6515.0,6515.0,68253000
2021-08-24,6124.54931640625,6600.0,6600.0,6500.0,6570.0,59561500
2021-08-25,6124.54931640625,6600.0,6605.0,6585.0,6600.0,80751500
2021-08-26,6087.4306640625,6560.0,6580.0,6470.0,6560.0,74337000
2021-08-27,6041.033203125,6510.0,6530.0,6490.0,6490.0,71572500
2021-08-30,6092.07080078125,6565.0,6580.0,6520.0,6530.0,74564500
2021-08-31,6078.1513671875,6550.0,6570.0,6515.0,6520.0,115373500
2021-09-01,6092.07080078125,6565.0,6600.0,6535.0,6550.0,67362500
2021-09-02,6068.8720703125,6540.0,6575.0,6455.0,6525.0,53257000
2021-09-03,6124.54931640625,6600.0,6600.0,6515.0,6560.0,35764500
2021-09-06,6101.3505859375,6575.0,6605.0,6550.0,6600.0,36780000
2021-09-07,6096.71044921875,6570.0,6605.0,6570.0,6595.0,53902000
2021-09-08,5976.07568359375,6440.0,6595.0,6420.0,6550.0,77888000
2021-09-09,6096.71044921875,6570.0,6570.0,6410.0,6410.0,110074000
2021-09-10,6050.3125,6520.0,6565.0,6495.0,6495.0,41483500
2021-09-13,6082.791015625,6555.0,6560.0,6525.0,6560.0,29929000
2021-09-14,6073.51123046875,6545.0,6595.0,6495.0,6590.0,51990500
2021-09-15,6027.11328125,6495.0,6550.0,6485.0,6545.0,44514000
2021-09-16,6031.7529296875,6500.0,6580.0,6480.0,6580.0,58672500
2021-09-17,6050.3125,6520.0,6535.0,6480.0,6490.0,117540000
2021-09-20,6110.6298828125,6585.0,6590.0,6510.0,6570.0,73157500
2021-09-21,6022.47412109375,6490.0,6535.0,6470.0,6510.0,57115500
2021-09-22,6082.791015625,6555.0,6580.0,6500.0,6500.0,68722000
2021-09-23,6105.990234375,6580.0,6590.0,6545.0,6555.0,60998500
2021-09-24,6110.6298828125,6585.0,6585.0,6500.0,6500.0,60539500
2021-09-27,6105.990234375,6580.0,6595.0,6555.0,6585.0,55052500
2021-09-28,6050.3125,6520.0,6560.0,6500.0,6540.0,80186000
2021-09-29,6105.990234375,6580.0,6580.0,6515.0,6520.0,74079000
2021-09-30,6495.734375,7000.0,7000.0,6595.0,6600.0,156848000
2021-10-01,6273.0234375,6760.0,6900.0,6710.0,6900.0,103954500
2021-10-04,6458.6162109375,6960.0,6960.0,6740.0,6740.0,74719000
2021-10-05,6444.6962890625,6945.0,6945.0,6860.0,6910.0,54986500
2021-10-06,6662.767578125,7180.0,7180.0,6970.0,6980.0,174312000
2021-10-07,6644.20849609375,7160.0,7175.0,7080.0,7175.0,107263500
2021-10-08,6764.84326171875,7290.0,7300.0,7175.0,7200.0,94643500
2021-10-11,6732.36474609375,7255.0,7290.0,7230.0,7240.0,47201000
2021-10-12,6792.68212890625,7320.0,7320.0,7245.0,7255.0,91067000
2021-10-13,6982.91455078125,7525.0,8250.0,7400.0,7400.0,210893300
2021-10-14,7191.70556640625,7750.0,7900.0,7600.0,7600.0,138811900
2021-10-15,7098.90966796875,7650.0,7875.0,7450.0,7800.0,142378200
2021-10-18,6982.91455078125,7525.0,7675.0,7475.0,7650.0,116644300
2021-10-19,6959.7158203125,7500.0,7525.0,7350.0,7475.0,134601200
2021-10-21,6866.9189453125,7400.0,7550.0,7350.0,7500.0,106120100
2021-10-22,6982.91455078125,7525.0,7550.0,7425.0,7450.0,96730700
2021-10-25,6982.91455078125,7525.0,7525.0,7400.0,7400.0,60329800
2021-10-26,6982.91455078125,7525.0,7600.0,7500.0,7600.0,70103000
2021-10-27,6913.3173828125,7450.0,7575.0,7425.0,7575.0,57067000
2021-10-28,6843.72021484375,7375.0,7425.0,7350.0,7350.0,75271900
2021-10-29,6936.51611328125,7475.0,7475.0,7375.0,7450.0,60639200
2021-11-01,6866.9189453125,7400.0,7550.0,7400.0,7550.0,38593400
2021-11-02,6774.12255859375,7300.0,7425.0,7250.0,7375.0,90535400
2021-11-03,6820.5205078125,7350.0,7400.0,7250.0,7300.0,61621500
2021-11-04,6843.72021484375,7375.0,7475.0,7375.0,7425.0,61081400
2021-11-05,6913.3173828125,7450.0,7475.0,7375.0,7475.0,43120400
2021-11-08,7029.3125,7575.0,7600.0,7450.0,7500.0,85441700
2021-11-09,7122.109375,7675.0,7675.0,7575.0,7600.0,101785800
2021-11-10,7098.90966796875,7650.0,7675.0,7575.0,7675.0,47503900
2021-11-11,7122.109375,7675.0,7750.0,7600.0,7700.0,55790000
2021-11-12,6982.91455078125,7525.0,7750.0,7525.0,7750.0,52590100
2021-11-15,6959.7158203125,7500.0,7625.0,7500.0,7625.0,67344200
2021-11-16,6936.51611328125,7475.0,7475.0,7325.0,7400.0,98616900
2021-11-17,7052.900390625,7575.0,7575.0,7425.0,7500.0,61968100
2021-11-18,6889.962890625,7400.0,7500.0,7400.0,7425.0,78839600
2021-11-19,6913.23876953125,7425.0,7450.0,7375.0,7425.0,68203700
2021-11-22,6959.79345703125,7475.0,7525.0,7400.0,7425.0,66328300
2021-11-23,6959.79345703125,7475.0,7500.0,7400.0,7400.0,43477500
2021-11-24,6959.79345703125,7475.0,7575.0,7425.0,7575.0,35181400
2021-11-25,6913.23876953125,7425.0,7525.0,7425.0,7450.0,40216100
2021-11-26,6773.57763671875,7275.0,7450.0,7250.0,7400.0,113288400
2021-11-29,6889.962890625,7400.0,7425.0,7175.0,7275.0,87907900
2021-11-30,6773.57763671875,7275.0,7425.0,7275.0,7325.0,144923700
2021-12-01,6796.85546875,7300.0,7450.0,7275.0,7275.0,76538100
2021-12-02,6983.0703125,7500.0,7500.0,7300.0,7375.0,66831000
2021-12-03,6866.685546875,7375.0,7525.0,7350.0,7525.0,63283700
2021-12-06,6843.40869140625,7350.0,7475.0,7350.0,7450.0,56944100
2021-12-07,6843.40869140625,7350.0,7475.0,7350.0,7450.0,51258200
2021-12-08,6913.23876953125,7425.0,7475.0,7400.0,7450.0,74775000
2021-12-09,6843.40869140625,7350.0,7450.0,7350.0,7400.0,54886400
2021-12-10,6866.685546875,7375.0,7375.0,7275.0,7325.0,91092400
2021-12-13,6796.85546875,7300.0,7400.0,7300.0,7375.0,59977100
2021-12-14,6796.85546875,7300.0,7375.0,7275.0,7300.0,49763600
2021-12-15,6796.85546875,7300.0,7375.0,7275.0,7300.0,52477600
2021-12-16,6773.57763671875,7275.0,7400.0,7275.0,7375.0,95171400
2021-12-17,6983.0703125,7500.0,7500.0,7300.0,7325.0,107096800
2021-12-20,6866.685546875,7375.0,7400.0,7325.0,7350.0,74753000
2021-12-21,6866.685546875,7375.0,7400.0,7325.0,7325.0,52386100
2021-12-22,6820.1318359375,7325.0,7425.0,7325.0,7425.0,33232000
2021-12-23,6796.85546875,7300.0,7350.0,7300.0,7325.0,37136400
2021-12-24,6796.85546875,7300.0,7350.0,7300.0,7300.0,30802100
2021-12-27,6843.40869140625,7350.0,7350.0,7300.0,7300.0,20722100
2021-12-28,6843.40869140625,7350.0,7400.0,7325.0,7375.0,39343800
2021-12-29,6796.85546875,7300.0,7375.0,7300.0,7350.0,42079500
2021-12-30,6796.85546875,7300.0,7350.0,7300.0,7350.0,49954700
2022-01-03,6820.1318359375,7325.0,7400.0,7300.0,7325.0,54287400
2022-01-04,6889.962890625,7400.0,7450.0,7325.0,7325.0,70624000
2022-01-05,6936.51611328125,7450.0,7525.0,7375.0,7450.0,76164900
2022-01-06,6959.79345703125,7475.0,7525.0,7425.0,7500.0,63657100
2022-01-07,7122.73095703125,7650.0,7700.0,7500.0,7550.0,143433300
2022-01-10,7076.177734375,7600.0,7650.0,7550.0,7575.0,45351900
2022-01-11,7169.28564453125,7700.0,7700.0,7625.0,7650.0,110334600
2022-01-12,7169.28564453125,7700.0,7700.0,7650.0,7700.0,62606000
2022-01-13,7169.28564453125,7700.0,7750.0,7650.0,7700.0,50025200
2022-01-14,7308.94677734375,7850.0,7850.0,7650.0,7700.0,65898700
2022-01-17,7215.83837890625,7750.0,7900.0,7700.0,7900.0,63902600
2022-01-18,7146.00830078125,7675.0,7775.0,7550.0,7775.0,71476300
2022-01-19,7146.00830078125,7675.0,7725.0,7575.0,7650.0,60389700
2022-01-20,7239.11572265625,7775.0,7775.0,7625.0,7725.0,59925500
2022-01-21,7402.0537109375,7950.0,7950.0,7700.0,7775.0,63370500
2022-01-24,7262.392578125,7800.0,7850.0,7775.0,7825.0,40278300
2022-01-25,7239.11572265625,7775.0,7775.0,7625.0,7675.0,106796900
2022-01-26,7169.28564453125,7700.0,7750.0,7650.0,7700.0,53350200
2022-01-27,7262.392578125,7800.0,7800.0,7625.0,7625.0,71945100
2022-01-28,7239.11572265625,7775.0,7825.0,7700.0,7800.0,70595000
2022-01-31,7099.45458984375,7625.0,7775.0,7625.0,7775.0,68122000
2022-02-02,7262.392578125,7800.0,7800.0,7675.0,7775.0,65308100
2022-02-03,7192.56201171875,7725.0,7825.0,7700.0,7800.0,35100600
2022-02-04,7192.56201171875,7725.0,7800.0,7700.0,7750.0,39324700
2022-02-07,7262.392578125,7800.0,7800.0,7700.0,7775.0,56813200
2022-02-08,7192.56201171875,7725.0,7850.0,7725.0,7750.0,61883100
2022-02-09,7402.0537109375,7950.0,7950.0,7800.0,7850.0,108922200
2022-02-10,7215.83837890625,7750.0,7950.0,7750.0,7950.0,93277000
2022-02-11,7285.669921875,7825.0,7825.0,7650.0,7675.0,71968800
2022-02-14,7169.28564453125,7700.0,7775.0,7700.0,7750.0,57710700
2022-02-15,7332.2236328125,7875.0,7875.0,7725.0,7750.0,55617000
2022-02-16,7425.3310546875,7975.0,7975.0,7825.0,7850.0,77055100
2022-02-17,7355.50048828125,7900.0,7925.0,7800.0,7850.0,48704600
2022-02-18,7378.77783203125,7925.0,7950.0,7850.0,7950.0,56813400
2022-02-21,7402.0537109375,7950.0,7975.0,7900.0,7925.0,43821700
2022-02-22,7355.50048828125,7900.0,7950.0,7850.0,7900.0,80095500
2022-02-23,7495.16162109375,8050.0,8100.0,7875.0,7900.0,99240300
2022-02-24,7448.6083984375,8000.0,8150.0,7925.0,8125.0,124947700
2022-02-25,7495.16162109375,8050.0,8175.0,7925.0,7950.0,135899900
2022-03-01,7495.16162109375,8050.0,8175.0,8000.0,8000.0,136616800
2022-03-02,7425.3310546875,7975.0,8225.0,7975.0,8225.0,100301000
2022-03-04,7355.50048828125,7900.0,8025.0,7900.0,7975.0,132983400
2022-03-07,7169.28564453125,7700.0,7850.0,7700.0,7800.0,130990900
2022-03-08,7122.73095703125,7650.0,7850.0,7650.0,7700.0,119256500
2022-03-09,7308.94677734375,7850.0,7950.0,7650.0,7700.0,132814500
2022-03-10,7378.77783203125,7925.0,7975.0,7800.0,7925.0,86484000
2022-03-11,7402.0537109375,7950.0,7950.0,7725.0,7725.0,61053900
2022-03-14,7518.4384765625,8075.0,8100.0,7950.0,8050.0,78432100
2022-03-15,7588.26904296875,8150.0,8200.0,8075.0,8150.0,111214500
2022-03-16,7634.8232421875,8200.0,8275.0,8075.0,8275.0,149761300
2022-03-17,7448.6083984375,8000.0,8300.0,8000.0,8300.0,132439400
2022-03-18,7355.50048828125,7900.0,8100.0,7900.0,8000.0,143981700
2022-03-21,7355.50048828125,7900.0,7950.0,7800.0,7800.0,85485500
2022-03-22,7378.77783203125,7925.0,7950.0,7875.0,7900.0,60010900
2022-03-23,7355.50048828125,7900.0,7950.0,7825.0,7925.0,82208000
2022-03-24,7378.77783203125,7925.0,7950.0,7800.0,7850.0,95245100
2022-03-25,7402.0537109375,7950.0,7950.0,7900.0,7900.0,85101200
2022-03-28,7468.228515625,7900.0,7900.0,7800.0,7825.0,83911500
2022-03-29,7420.96142578125,7850.0,7900.0,7825.0,7875.0,62180600
2022-03-30,7444.59521484375,7875.0,7900.0,7825.0,7900.0,71430600
2022-03-31,7539.12939453125,7975.0,8000.0,7875.0,7925.0,112691900
2022-04-01,7491.8623046875,7925.0,8075.0,7850.0,8075.0,105575400
2022-04-04,7468.228515625,7900.0,7925.0,7825.0,7925.0,57321200
2022-04-05,7468.228515625,7900.0,7900.0,7850.0,7900.0,48528300
2022-04-06,7326.42626953125,7750.0,7850.0,7750.0,7825.0,119263000
2022-04-07,7326.42626953125,7750.0,7825.0,7700.0,7725.0,68619400
2022-04-08,7420.96142578125,7850.0,7875.0,7775.0,7800.0,69791600
2022-04-11,7302.7939453125,7725.0,7875.0,7725.0,7825.0,62776200
2022-04-12,7373.6943359375,7800.0,7800.0,7700.0,7725.0,73471300
2022-04-13,7373.6943359375,7800.0,7850.0,7750.0,7800.0,57622100
2022-04-14,7279.15966796875,7700.0,7800.0,7700.0,7800.0,93342900
2022-04-18,7279.15966796875,7700.0,7725.0,7625.0,7700.0,68464700
2022-04-19,7208.2578125,7625.0,7700.0,7625.0,7700.0,98632000
2022-04-20,7231.892578125,7650.0,7725.0,7625.0,7725.0,124388800
2022-04-21,7491.8623046875,7925.0,7925.0,7750.0,7800.0,129323400
2022-04-22,7444.59521484375,7875.0,7925.0,7800.0,7850.0,85956100
2022-04-25,7562.76318359375,8000.0,8000.0,7825.0,7875.0,91279600
2022-04-26,7680.93115234375,8125.0,8125.0,7925.0,7925.0,128360900
2022-04-27,7751.83154296875,8200.0,8200.0,8075.0,8075.0,89463100
2022-04-28,7680.93115234375,8125.0,8250.0,8075.0,8250.0,133730600
2022-05-09,7184.62451171875,7600.0,7900.0,7600.0,7875.0,456796600
2022-05-10,7113.72412109375,7525.0,7600.0,7250.0,7250.0,268445700
2022-05-11,7231.892578125,7650.0,7700.0,7450.0,7525.0,156535200
2022-05-12,6877.3876953125,7275.0,7550.0,7275.0,7525.0,240529600
2022-05-13,6924.65478515625,7325.0,7475.0,7250.0,7250.0,212968600
2022-05-17,6995.5556640625,7400.0,7475.0,7275.0,7275.0,159657600
2022-05-18,7160.9912109375,7575.0,7575.0,7375.0,7500.0,153514300
2022-05-19,7042.82275390625,7450.0,7475.0,7375.0,7400.0,140908900
2022-05-20,6995.5556640625,7400.0,7475.0,7400.0,7425.0,86520200
2022-05-23,6971.921875,7375.0,7475.0,7350.0,7450.0,71603500
2022-05-24,6948.28857421875,7350.0,7475.0,7325.0,7325.0,108710800
2022-05-25,6971.921875,7375.0,7450.0,7350.0,7400.0,76747400
2022-05-27,7160.9912109375,7575.0,7575.0,7475.0,7525.0,84336900
2022-05-30,7160.9912109375,7575.0,7600.0,7475.0,7575.0,105411400
2022-05-31,7326.42626953125,7750.0,7750.0,7525.0,7600.0,286292700
2022-06-02,7160.9912109375,7575.0,7675.0,7525.0,7625.0,149226300
2022-06-03,7184.62451171875,7600.0,7675.0,7575.0,7600.0,80563100
2022-06-06,7042.82275390625,7450.0,7575.0,7425.0,7550.0,81140300
2022-06-07,6971.921875,7375.0,7475.0,7300.0,7300.0,129242500
2022-06-08,7184.62451171875,7600.0,7600.0,7425.0,7500.0,108910500
2022-06-09,7090.09033203125,7500.0,7575.0,7500.0,7500.0,107828300
2022-06-10,6948.28857421875,7350.0,7450.0,7350.0,7400.0,111768600
2022-06-13,6948.28857421875,7350.0,7400.0,7275.0,7300.0,85539500
2022-06-14,6995.5556640625,7400.0,7400.0,7250.0,7300.0,80865100
2022-06-15,6924.65478515625,7325.0,7375.0,7300.0,7300.0,130367100
2022-06-16,7160.9912109375,7575.0,7600.0,7375.0,7400.0,132666300
2022-06-17,7090.09033203125,7500.0,7550.0,7425.0,7425.0,117839400
2022-06-20,7208.2578125,7625.0,7650.0,7500.0,7600.0,88138700
2022-06-21,7231.892578125,7650.0,7650.0,7550.0,7600.0,44295700
2022-06-22,7090.09033203125,7500.0,7650.0,7500.0,7625.0,53041800
2022-06-23,7113.72412109375,7525.0,7575.0,7450.0,7450.0,60443000
2022-06-24,7066.45654296875,7475.0,7600.0,7475.0,7600.0,57956600
2022-06-27,6948.28857421875,7350.0,7500.0,7350.0,7475.0,76354100
2022-06-28,6901.02099609375,7300.0,7400.0,7300.0,7300.0,146078100
2022-06-29,6877.3876953125,7275.0,7400.0,7275.0,7325.0,98517800
2022-06-30,6853.75439453125,7250.0,7400.0,7250.0,7300.0,101343900
2022-07-01,6853.75439453125,7250.0,7325.0,7250.0,7300.0,68738800
2022-07-04,6664.6845703125,7050.0,7275.0,7000.0,7250.0,102238600
2022-07-05,6853.75439453125,7250.0,7325.0,7100.0,7100.0,69172900
2022-07-06,6901.02099609375,7300.0,7325.0,7175.0,7300.0,66801100
2022-07-07,6711.95263671875,7100.0,7250.0,7100.0,7225.0,86126800
2022-07-08,6759.2197265625,7150.0,7175.0,7075.0,7125.0,64312400
2022-07-11,6735.5859375,7125.0,7200.0,7125.0,7200.0,36830800
2022-07-12,6782.85302734375,7175.0,7250.0,7150.0,7175.0,34269000
2022-07-13,6617.41748046875,7000.0,7125.0,7000.0,7100.0,71988200
2022-07-14,6641.05126953125,7025.0,7100.0,7000.0,7025.0,83316300
2022-07-15,6617.41748046875,7000.0,7100.0,7000.0,7100.0,57419900
2022-07-18,6759.2197265625,7150.0,7150.0,7025.0,7025.0,60077700
2022-07-19,6782.85302734375,7175.0,7175.0,7100.0,7100.0,59641000
2022-07-20,6995.5556640625,7400.0,7400.0,7175.0,7200.0,105792900
2022-07-21,6995.5556640625,7400.0,7400.0,7250.0,7400.0,64337100
2022-07-22,6924.65478515625,7325.0,7400.0,7300.0,7400.0,38956500
2022-07-25,6901.02099609375,7300.0,7375.0,7300.0,7350.0,31247600
2022-07-26,6901.02099609375,7300.0,7375.0,7250.0,7250.0,44379900
2022-07-27,6924.65478515625,7325.0,7350.0,7275.0,7325.0,58465500
2022-07-28,6948.28857421875,7350.0,7450.0,7325.0,7375.0,86909700
2022-07-29,6948.28857421875,7350.0,7475.0,7350.0,7400.0,131553000
2022-08-01,7090.09033203125,7500.0,7500.0,7350.0,7350.0,104841600
2022-08-02,7184.62451171875,7600.0,7625.0,7500.0,7600.0,106466900
2022-08-03,7208.2578125,7625.0,7625.0,7575.0,7625.0,60170600
2022-08-04,7373.6943359375,7800.0,7800.0,7650.0,7675.0,164221000
2022-08-05,7444.59521484375,7875.0,7875.0,7725.0,7825.0,118734200
2022-08-08,7444.59521484375,7875.0,7925.0,7750.0,7875.0,84328900
2022-08-09,7468.228515625,7900.0,7975.0,7875.0,7875.0,92875800
2022-08-10,7468.228515625,7900.0,7900.0,7725.0,7800.0,104376300
2022-08-11,7515.4951171875,7950.0,7950.0,7825.0,7850.0,73204700
2022-08-12,7491.8623046875,7925.0,7975.0,7850.0,7925.0,59381200
2022-08-15,7515.4951171875,7950.0,7975.0,7900.0,7950.0,81411000
2022-08-16,7539.12939453125,7975.0,7975.0,7850.0,7950.0,83556700
2022-08-18,7562.76318359375,8000.0,8025.0,7875.0,7900.0,86136900
2022-08-19,7468.228515625,7900.0,8050.0,7900.0,8050.0,58194900
2022-08-22,7562.76318359375,8000.0,8000.0,7825.0,7850.0,97293300
2022-08-23,7468.228515625,7900.0,8000.0,7900.0,8000.0,71671800
2022-08-24,7515.4951171875,7950.0,8025.0,7900.0,7950.0,108892400
2022-08-25,7633.6640625,8075.0,8100.0,7900.0,8000.0,99503500
2022-08-26,7562.76318359375,8000.0,8125.0,8000.0,8025.0,80472400
2022-08-29,7704.56494140625,8150.0,8150.0,7950.0,8000.0,57762100
2022-08-30,7728.1982421875,8175.0,8275.0,8075.0,8100.0,124467000
2022-08-31,7751.83154296875,8200.0,8225.0,8050.0,8075.0,137659900
2022-09-01,7704.56494140625,8150.0,8250.0,8125.0,8150.0,74960800
2022-09-02,7775.46533203125,8225.0,8225.0,8150.0,8150.0,71430600
2022-09-05,7822.73193359375,8275.0,8300.0,8200.0,8225.0,62906000
2022-09-06,7822.73193359375,8275.0,8350.0,8250.0,8300.0,67079900
2022-09-07,7917.26708984375,8375.0,8375.0,8250.0,8250.0,117931700
2022-09-08,7893.6337890625,8350.0,8500.0,8350.0,8400.0,132777400
2022-09-09,7917.26708984375,8375.0,8500.0,8275.0,8500.0,91234600
2022-09-12,7917.26708984375,8375.0,8425.0,8325.0,8325.0,52395300
2022-09-13,8059.0703125,8525.0,8575.0,8375.0,8375.0,124485200
2022-09-14,8035.435546875,8500.0,8650.0,8375.0,8375.0,116642400
2022-09-15,8271.7724609375,8750.0,8875.0,8500.0,8500.0,190404800
2022-09-16,7988.16845703125,8450.0,8725.0,8450.0,8700.0,363127600
2022-09-19,8177.23681640625,8650.0,8750.0,8450.0,8475.0,102530600
2022-09-20,8082.70263671875,8550.0,8650.0,8550.0,8550.0,89238400
2022-09-21,8011.80224609375,8475.0,8600.0,8425.0,8525.0,90933700
2022-09-22,8011.80224609375,8475.0,8525.0,8375.0,8375.0,61908500
2022-09-23,7917.26708984375,8375.0,8475.0,8375.0,8375.0,60567600
2022-09-26,7964.53466796875,8425.0,8500.0,8200.0,8200.0,106228200
2022-09-27,7846.3662109375,8300.0,8450.0,8300.0,8375.0,89567100
2022-09-28,7869.99951171875,8325.0,8425.0,8250.0,8250.0,89153400
2022-09-29,7917.26708984375,8375.0,8450.0,8325.0,8325.0,62643700
2022-09-30,8082.70263671875,8550.0,8575.0,8275.0,8375.0,176524800
2022-10-03,8035.435546875,8500.0,8525.0,8450.0,8450.0,115079600
2022-10-04,8082.70263671875,8550.0,8625.0,8525.0,8525.0,80524500
2022-10-05,7988.16845703125,8450.0,8550.0,8425.0,8525.0,63788000
2022-10-06,7964.53466796875,8425.0,8500.0,8425.0,8475.0,43967400
2022-10-07,7751.83154296875,8200.0,8375.0,8200.0,8325.0,112043400
2022-10-10,7846.3662109375,8300.0,8375.0,8125.0,8150.0,80238200
2022-10-11,7799.09912109375,8250.0,8300.0,8150.0,8200.0,64060000
2022-10-12,7869.99951171875,8325.0,8325.0,8175.0,8200.0,47569700
2022-10-13,7822.73193359375,8275.0,8375.0,8275.0,8275.0,62282800
2022-10-14,7799.09912109375,8250.0,8350.0,8250.0,8300.0,70642900
2022-10-17,7799.09912109375,8250.0,8300.0,8175.0,8250.0,56387500
2022-10-18,7846.3662109375,8300.0,8475.0,8250.0,8275.0,85665300
2022-10-19,7822.73193359375,8275.0,8350.0,8225.0,8250.0,66753500
2022-10-20,8035.435546875,8500.0,8500.0,8250.0,8250.0,91812300
2022-10-21,8177.23681640625,8650.0,8725.0,8450.0,8450.0,122777800
2022-10-24,8413.57421875,8900.0,8900.0,8725.0,8750.0,89416500
2022-10-25,8224.50390625,8700.0,8875.0,8700.0,8825.0,84696300
2022-10-26,8082.70263671875,8550.0,8650.0,8550.0,8625.0,98962100
2022-10-27,8224.50390625,8700.0,8700.0,8550.0,8550.0,77003400
2022-10-28,8271.7724609375,8750.0,8750.0,8650.0,8650.0,84980600
2022-10-31,8319.0400390625,8800.0,8850.0,8775.0,8850.0,138922800
2022-11-01,8319.0400390625,8800.0,9000.0,8725.0,9000.0,118118400
2022-11-02,8271.7724609375,8750.0,8825.0,8725.0,8800.0,68323600
2022-11-03,8319.0400390625,8800.0,8825.0,8700.0,8700.0,81856300
2022-11-04,8295.4052734375,8775.0,8800.0,8675.0,8775.0,84458300
2022-11-07,8366.3056640625,8850.0,8850.0,8675.0,8725.0,94794000
2022-11-08,8271.7724609375,8750.0,8875.0,8725.0,8850.0,42525500
2022-11-09,8389.9404296875,8875.0,8875.0,8675.0,8675.0,96599500
2022-11-10,8319.0400390625,8800.0,8800.0,8725.0,8725.0,89463000
2022-11-11,8366.3056640625,8850.0,8925.0,8825.0,8900.0,59597900
2022-11-14,8271.7724609375,8750.0,8900.0,8750.0,8875.0,49208200
2022-11-15,8319.0400390625,8800.0,8850.0,8750.0,8775.0,59092900
2022-11-16,8129.9697265625,8600.0,8675.0,8550.0,8625.0,143424800
2022-11-17,8248.138671875,8725.0,8825.0,8600.0,8625.0,72679800
2022-11-18,8342.673828125,8825.0,8900.0,8725.0,8725.0,83556900
2022-11-21,8248.138671875,8725.0,8900.0,8725.0,8875.0,35901000
2022-11-22,8413.57421875,8900.0,8950.0,8850.0,8900.0,84684200
2022-11-23,8389.9404296875,8875.0,8975.0,8875.0,8900.0,84642100
2022-11-24,8508.1083984375,9000.0,9000.0,8950.0,8975.0,53520800
2022-11-25,8484.474609375,8975.0,9000.0,8900.0,9000.0,75048300
2022-11-28,8531.7412109375,9025.0,9100.0,8975.0,9050.0,96209700
2022-11-29,8484.474609375,8975.0,9075.0,8925.0,8975.0,91562100
2022-11-30,8791.7119140625,9300.0,9400.0,8850.0,8875.0,644359600
2022-12-01,8508.1083984375,9000.0,9350.0,9000.0,9275.0,155775400
2022-12-02,8446.4208984375,8900.0,8975.0,8900.0,8900.0,130982100
2022-12-05,8327.7919921875,8775.0,8900.0,8775.0,8800.0,114656300
2022-12-06,8232.8876953125,8675.0,8750.0,8575.0,8725.0,180553800
2022-12-07,8019.353515625,8450.0,8575.0,8450.0,8500.0,229308700
2022-12-08,8066.80615234375,8500.0,8575.0,8350.0,8375.0,172590100
2022-12-09,8137.984375,8575.0,8600.0,8450.0,8500.0,90851300
2022-12-12,8256.615234375,8700.0,8700.0,8475.0,8525.0,102851800
2022-12-13,8256.615234375,8700.0,8700.0,8550.0,8625.0,104580200
2022-12-14,8185.4365234375,8625.0,8700.0,8525.0,8600.0,118164300
2022-12-15,8066.80615234375,8500.0,8600.0,8500.0,8575.0,113255700
2022-12-16,8161.7109375,8600.0,8650.0,8400.0,8425.0,181516700
2022-12-19,8209.162109375,8650.0,8700.0,8600.0,8650.0,67482900
2022-12-20,8137.984375,8575.0,8650.0,8550.0,8550.0,41243700
2022-12-21,8232.8876953125,8675.0,8700.0,8575.0,8600.0,33617700
2022-12-22,8137.984375,8575.0,8675.0,8575.0,8650.0,59591500
2022-12-23,8066.80615234375,8500.0,8575.0,8500.0,8525.0,47393000
2022-12-26,8137.984375,8575.0,8625.0,8500.0,8500.0,20495900
2022-12-27,8161.7109375,8600.0,8650.0,8575.0,8600.0,27193800
2022-12-28,8209.162109375,8650.0,8650.0,8550.0,8650.0,40420200
2022-12-29,8137.984375,8575.0,8600.0,8500.0,8525.0,47020900
2022-12-30,8114.2578125,8550.0,8650.0,8550.0,8575.0,44681400
2023-01-02,8114.2578125,8550.0,8600.0,8500.0,8575.0,10653900
2023-01-03,8114.2578125,8550.0,8600.0,8525.0,8550.0,27399100
2023-01-04,7924.451171875,8350.0,8575.0,8350.0,8525.0,90918800
2023-01-05,7829.5478515625,8250.0,8375.0,8150.0,8350.0,128838500
2023-01-06,7876.99951171875,8300.0,8325.0,8100.0,8100.0,69286600
2023-01-09,8019.353515625,8450.0,8450.0,8325.0,8325.0,86916900
2023-01-10,7758.36962890625,8175.0,8425.0,8150.0,8400.0,101759100
2023-01-11,7710.91845703125,8125.0,8150.0,8000.0,8050.0,96069100
2023-01-12,7758.36962890625,8175.0,8275.0,8125.0,8150.0,103804600
2023-01-13,7639.74072265625,8050.0,8175.0,8025.0,8150.0,119748200
2023-01-16,7734.64404296875,8150.0,8200.0,8050.0,8050.0,105710700
2023-01-17,7900.72509765625,8325.0,8375.0,8150.0,8175.0,88695900
2023-01-18,7876.99951171875,8300.0,8325.0,8175.0,8200.0,96814600
2023-01-19,7900.72509765625,8325.0,8350.0,8250.0,8350.0,66391800
2023-01-20,7876.99951171875,8300.0,8325.0,8250.0,8275.0,96859500
2023-01-24,7805.82177734375,8225.0,8350.0,8225.0,8300.0,42474500
2023-01-25,7782.09619140625,8200.0,8300.0,8200.0,8300.0,66124500
2023-01-26,8043.08056640625,8475.0,8475.0,8225.0,8225.0,77582300
2023-01-27,8256.615234375,8700.0,8850.0,8550.0,8700.0,196804700
2023-01-30,8256.615234375,8700.0,8775.0,8575.0,8725.0,68544300
2023-01-31,8043.08056640625,8475.0,8675.0,8475.0,8625.0,200589000
2023-02-01,8066.80615234375,8500.0,8575.0,8450.0,8575.0,77396200
2023-02-02,8019.353515625,8450.0,8525.0,8400.0,8425.0,99109500
2023-02-03,8256.615234375,8700.0,8700.0,8500.0,8550.0,71716700
2023-02-06,8280.33984375,8725.0,8750.0,8650.0,8750.0,117757700
2023-02-07,8398.9697265625,8850.0,8850.0,8750.0,8775.0,116014700
2023-02-08,8375.2431640625,8825.0,8850.0,8800.0,8825.0,54495500
2023-02-09,8446.4208984375,8900.0,8900.0,8800.0,8825.0,72381700
2023-02-10,8375.2431640625,8825.0,8900.0,8700.0,8875.0,62060900
2023-02-13,8422.6962890625,8875.0,8900.0,8775.0,8875.0,63775000
2023-02-14,8493.873046875,8950.0,8950.0,8825.0,8850.0,81678200
2023-02-15,8422.6962890625,8875.0,8900.0,8750.0,8875.0,38037000
2023-02-16,8256.615234375,8700.0,8850.0,8700.0,8825.0,66040400
2023-02-17,8280.33984375,8725.0,8850.0,8725.0,8775.0,43588900
2023-02-20,8304.06640625,8750.0,8825.0,8700.0,8725.0,40077000
2023-02-21,8256.615234375,8700.0,8800.0,8700.0,8775.0,25390500
2023-02-22,8232.8876953125,8675.0,8750.0,8625.0,8700.0,38671900
2023-02-23,8280.33984375,8725.0,8750.0,8625.0,8625.0,53412300
2023-02-24,8232.8876953125,8675.0,8850.0,8675.0,8775.0,44123400
2023-02-27,8327.7919921875,8775.0,8775.0,8650.0,8675.0,59983900
2023-02-28,8304.06640625,8750.0,8775.0,8675.0,8775.0,106349400
2023-03-01,8161.7109375,8600.0,8750.0,8600.0,8725.0,67034700
2023-03-02,8185.4365234375,8625.0,8700.0,8600.0,8600.0,56672000
2023-03-03,8043.08056640625,8475.0,8675.0,8475.0,8650.0,95376900
2023-03-06,7971.9033203125,8400.0,8550.0,8400.0,8550.0,92652000
2023-03-07,7995.62939453125,8425.0,8475.0,8350.0,8350.0,106115600
2023-03-08,8137.984375,8575.0,8575.0,8400.0,8400.0,79350900
2023-03-09,8137.984375,8575.0,8650.0,8550.0,8650.0,54201400
2023-03-10,8019.353515625,8450.0,8550.0,8450.0,8500.0,59580100
2023-03-13,8114.2578125,8550.0,8625.0,8450.0,8450.0,82077700
2023-03-14,7900.72509765625,8325.0,8475.0,8325.0,8425.0,90495300
2023-03-15,7900.72509765625,8325.0,8475.0,8325.0,8450.0,86747400
2023-03-16,7876.99951171875,8300.0,8350.0,8250.0,8300.0,105894000
2023-03-17,7948.17724609375,8375.0,8450.0,8325.0,8375.0,198558600
2023-03-20,7971.9033203125,8400.0,8475.0,8375.0,8400.0,37277900
2023-03-21,8066.80615234375,8500.0,8500.0,8375.0,8400.0,91617400
2023-03-24,8375.2431640625,8825.0,8825.0,8625.0,8700.0,145603600
2023-03-27,8256.615234375,8700.0,8825.0,8700.0,8825.0,110692800
2023-03-28,8232.8876953125,8675.0,8800.0,8675.0,8800.0,98296600
2023-03-29,8518.4501953125,8800.0,8800.0,8625.0,8675.0,101068200
2023-03-30,8542.6494140625,8825.0,8900.0,8800.0,8900.0,118912100
2023-03-31,8470.048828125,8750.0,8850.0,8725.0,8825.0,97146900
2023-04-03,8518.4501953125,8800.0,8825.0,8750.0,8825.0,60288900
2023-04-04,8494.2490234375,8775.0,8825.0,8650.0,8825.0,60975800
2023-04-05,8445.8486328125,8725.0,8800.0,8725.0,8775.0,36922100
2023-04-06,8470.048828125,8750.0,8775.0,8700.0,8700.0,45489400
2023-04-10,8518.4501953125,8800.0,8800.0,8700.0,8725.0,32996000
2023-04-11,8542.6494140625,8825.0,8825.0,8750.0,8825.0,44554300
2023-04-12,8615.25,8900.0,8900.0,8825.0,8900.0,91903600
2023-04-13,8639.4501953125,8925.0,8950.0,8875.0,8950.0,51726500
2023-04-14,8712.05078125,9000.0,9000.0,8950.0,9000.0,110354200
2023-04-17,8736.2509765625,9025.0,9050.0,8900.0,9025.0,83946900
2023-04-18,8833.0517578125,9125.0,9175.0,9025.0,9050.0,91178700
2023-04-26,8905.6513671875,9200.0,9200.0,9000.0,9125.0,186928200
2023-04-27,8857.2509765625,9150.0,9175.0,9075.0,9100.0,54842400
2023-04-28,8760.451171875,9050.0,9125.0,9050.0,9100.0,145775300
2023-05-02,8760.451171875,9050.0,9100.0,8900.0,9100.0,83645900
2023-05-03,8639.4501953125,8925.0,9050.0,8875.0,9050.0,83728800
2023-05-04,8712.05078125,9000.0,9025.0,8875.0,8925.0,67565000
2023-05-05,8712.05078125,9000.0,9050.0,8950.0,9000.0,64815100
2023-05-08,8712.05078125,9000.0,9075.0,8950.0,9000.0,84754500
2023-05-09,8639.4501953125,8925.0,8975.0,8900.0,8950.0,40929600
2023-05-10,8639.4501953125,8925.0,8950.0,8900.0,8925.0,45322600
2023-05-11,8542.6494140625,8825.0,8900.0,8800.0,8900.0,81993900
2023-05-12,8518.4501953125,8800.0,8875.0,8725.0,8750.0,96525600
2023-05-15,8494.2490234375,8775.0,8875.0,8725.0,8875.0,64830300
2023-05-16,8421.6484375,8700.0,8825.0,8700.0,8800.0,49497000
2023-05-17,8494.2490234375,8775.0,8850.0,8750.0,8775.0,69996100
2023-05-19,8712.05078125,9000.0,9000.0,8825.0,8900.0,123592500
2023-05-22,8712.05078125,9000.0,9075.0,8925.0,9000.0,91000000
2023-05-23,8833.0517578125,9125.0,9150.0,9025.0,9050.0,102980500
2023-05-24,8736.2509765625,9025.0,9200.0,9025.0,9200.0,77392900
2023-05-25,8760.451171875,9050.0,9150.0,9050.0,9100.0,76325700
2023-05-26,8857.2509765625,9150.0,9200.0,9100.0,9175.0,55675900
2023-05-29,8857.2509765625,9150.0,9250.0,9075.0,9250.0,79148200
2023-05-30,8954.0517578125,9250.0,9325.0,9150.0,9200.0,97189500
2023-05-31,8760.451171875,9050.0,9325.0,9050.0,9300.0,722827900
2023-06-05,8905.6513671875,9200.0,9325.0,9100.0,9150.0,163535600
2023-06-06,8857.2509765625,9150.0,9200.0,9050.0,9050.0,74872200
2023-06-07,8808.8515625,9100.0,9175.0,9075.0,9125.0,87492200
2023-06-08,8833.0517578125,9125.0,9125.0,9075.0,9075.0,53188400
2023-06-09,8808.8515625,9100.0,9175.0,9100.0,9175.0,44632400
2023-06-12,8857.2509765625,9150.0,9150.0,9100.0,9150.0,38082300
2023-06-13,8857.2509765625,9150.0,9175.0,9100.0,9175.0,45552600
2023-06-14,8784.6513671875,9075.0,9125.0,9050.0,9100.0,72223700
2023-06-15,8760.451171875,9050.0,9100.0,9050.0,9100.0,59073000
2023-06-16,8760.451171875,9050.0,9100.0,8975.0,9100.0,112769400
2023-06-19,8712.05078125,9000.0,9050.0,9000.0,9000.0,32330600
2023-06-20,8760.451171875,9050.0,9050.0,8950.0,9025.0,54990100
2023-06-21,8833.0517578125,9125.0,9125.0,9000.0,9050.0,42676300
2023-06-22,8760.451171875,9050.0,9150.0,9050.0,9125.0,48291100
2023-06-23,8760.451171875,9050.0,9150.0,9025.0,9025.0,47813500
2023-06-26,8784.6513671875,9075.0,9125.0,9025.0,9025.0,36389900
2023-06-27,8857.2509765625,9150.0,9150.0,9050.0,9050.0,36225100
2023-07-03,8784.6513671875,9075.0,9075.0,9025.0,9025.0,108855900
2023-07-04,8760.451171875,9050.0,9150.0,9050.0,9150.0,35049300
2023-07-05,8760.451171875,9050.0,9075.0,9025.0,9050.0,44609200
2023-07-06,8784.6513671875,9075.0,9100.0,9025.0,9050.0,52532400
2023-07-07,8736.2509765625,9025.0,9100.0,9025.0,9025.0,37641300
2023-07-10,8760.451171875,9050.0,9100.0,9050.0,9100.0,28981500
2023-07-11,8736.2509765625,9025.0,9100.0,9025.0,9100.0,43703500
2023-07-12,8881.451171875,9175.0,9175.0,9050.0,9075.0,61566500
2023-07-13,8833.0517578125,9125.0,9225.0,9125.0,9200.0,65230900
2023-07-14,8905.6513671875,9200.0,9200.0,9125.0,9175.0,55554500
2023-07-17,8881.451171875,9175.0,9250.0,9175.0,9200.0,62550100
2023-07-18,8857.2509765625,9150.0,9250.0,9100.0,9200.0,52924600
2023-07-20,8857.2509765625,9150.0,9225.0,9125.0,9200.0,83476600
2023-07-21,8857.2509765625,9150.0,9175.0,9125.0,9150.0,42667800
2023-07-24,8808.8515625,9100.0,9200.0,9100.0,9200.0,62061200
2023-07-25,8857.2509765625,9150.0,9300.0,9150.0,9175.0,122802700
2023-07-26,9050.8525390625,9350.0,9350.0,9125.0,9175.0,113868700
2023-07-27,8929.8515625,9225.0,9400.0,9225.0,9400.0,77848400
2023-07-28,8833.0517578125,9125.0,9225.0,9125.0,9200.0,74510200
2023-07-31,8833.0517578125,9125.0,9200.0,9100.0,9175.0,80868000
2023-08-01,8833.0517578125,9125.0,9175.0,9100.0,9175.0,49756400
2023-08-02,8905.6513671875,9200.0,9200.0,9125.0,9125.0,60629900
2023-08-03,8954.0517578125,9250.0,9300.0,9150.0,9150.0,64596100
2023-08-04,8857.2509765625,9150.0,9275.0,9125.0,9250.0,52675900
2023-08-07,8978.251953125,9275.0,9275.0,9150.0,9150.0,55589300
2023-08-08,8905.6513671875,9200.0,9300.0,9200.0,9275.0,43373400
2023-08-09,9099.2529296875,9400.0,9400.0,9250.0,9275.0,77056800
2023-08-10,9099.2529296875,9400.0,9425.0,9350.0,9400.0,76738100
2023-08-11,9099.2529296875,9400.0,9450.0,9375.0,9425.0,68898600
2023-08-14,9050.8525390625,9350.0,9350.0,9225.0,9325.0,75495400
2023-08-15,9002.4521484375,9300.0,9375.0,9300.0,9325.0,59303700
2023-08-16,9002.4521484375,9300.0,9325.0,9250.0,9275.0,53440000
2023-08-18,8954.0517578125,9250.0,9350.0,9250.0,9250.0,79328900
2023-08-21,8881.451171875,9175.0,9250.0,9175.0,9225.0,73573000
2023-08-22,9002.4521484375,9300.0,9325.0,9150.0,9150.0,65664600
2023-08-23,9002.4521484375,9300.0,9325.0,9275.0,9300.0,63749800
2023-08-24,8905.6513671875,9200.0,9325.0,9200.0,9250.0,53725900
2023-08-25,8978.251953125,9275.0,9275.0,9175.0,9200.0,50379000
2023-08-28,8905.6513671875,9200.0,9250.0,9200.0,9250.0,44423100
2023-08-29,8954.0517578125,9250.0,9300.0,9200.0,9275.0,45428500
2023-08-30,8905.6513671875,9200.0,9300.0,9200.0,9300.0,56227000
2023-08-31,8881.451171875,9175.0,9225.0,9100.0,9200.0,136107200
2023-09-01,8929.8515625,9225.0,9275.0,9175.0,9200.0,42152700
2023-09-04,8929.8515625,9225.0,9275.0,9175.0,9225.0,40610600
2023-09-05,8929.8515625,9225.0,9250.0,9200.0,9250.0,42007200
2023-09-06,8857.2509765625,9150.0,9250.0,9150.0,9200.0,49318400
2023-09-07,8881.451171875,9175.0,9175.0,9100.0,9125.0,61405200
2023-09-08,8833.0517578125,9125.0,9150.0,9050.0,9100.0,80732300
2023-09-11,8833.0517578125,9125.0,9125.0,9075.0,9075.0,53155900
2023-09-12,8808.8515625,9100.0,9125.0,9075.0,9100.0,66479000
2023-09-13,8784.6513671875,9075.0,9075.0,9000.0,9050.0,69490200
2023-09-14,8808.8515625,9100.0,9125.0,9000.0,9000.0,112757900
2023-09-15,8712.05078125,9000.0,9100.0,9000.0,9050.0,121005300
2023-09-18,8712.05078125,9000.0,9075.0,9000.0,9050.0,34272200
2023-09-19,8784.6513671875,9075.0,9075.0,8975.0,9000.0,33325800
2023-09-20,8857.2509765625,9150.0,9175.0,9075.0,9125.0,54305500
2023-09-21,8833.0517578125,9125.0,9150.0,9075.0,9125.0,40607000
2023-09-22,8784.6513671875,9075.0,9150.0,9075.0,9125.0,42445300
2023-09-25,8712.05078125,9000.0,9075.0,9000.0,9075.0,56132200
2023-09-26,8663.650390625,8950.0,9025.0,8950.0,9000.0,73544700
2023-09-27,8591.0498046875,8875.0,9000.0,8875.0,8900.0,84345000
2023-09-29,8542.6494140625,8825.0,8900.0,8825.0,8825.0,118960000
2023-10-02,8784.6513671875,9075.0,9100.0,8875.0,8900.0,93663000
2023-10-03,8905.6513671875,9200.0,9200.0,9025.0,9075.0,98380200
2023-10-04,8905.6513671875,9200.0,9250.0,9125.0,9200.0,112582800
2023-10-05,8784.6513671875,9075.0,9200.0,9075.0,9200.0,72855700
2023-10-06,8736.2509765625,9025.0,9100.0,9025.0,9100.0,53344400
2023-10-09,8760.451171875,9050.0,9125.0,9025.0,9025.0,43774500
2023-10-10,8639.4501953125,8925.0,9000.0,8925.0,9000.0,71966100
2023-10-11,8639.4501953125,8925.0,9025.0,8925.0,8925.0,84305800
2023-10-12,8760.451171875,9050.0,9100.0,9000.0,9000.0,71064500
2023-10-13,8784.6513671875,9075.0,9125.0,9025.0,9100.0,62941800
2023-10-16,8808.8515625,9100.0,9125.0,9050.0,9125.0,29429200
2023-10-17,8663.650390625,8950.0,9075.0,8950.0,9050.0,59606000
2023-10-18,8566.849609375,8850.0,8950.0,8850.0,8925.0,50919200
2023-10-19,8470.048828125,8750.0,8850.0,8750.0,8825.0,89509700
2023-10-20,8687.8505859375,8975.0,9025.0,8725.0,8725.0,64554500
2023-10-23,8566.849609375,8850.0,8925.0,8850.0,8875.0,50633500
2023-10-24,8494.2490234375,8775.0,8875.0,8775.0,8775.0,76963200
2023-10-25,8591.0498046875,8875.0,8925.0,8825.0,8825.0,54748400
2023-10-26,8445.8486328125,8725.0,8950.0,8725.0,8925.0,63199400
2023-10-27,8421.6484375,8700.0,8800.0,8700.0,8725.0,52450700
2023-10-30,8566.849609375,8850.0,8850.0,8700.0,8700.0,51958200
2023-10-31,8470.048828125,8750.0,8825.0,8725.0,8800.0,64907600
2023-11-01,8324.8486328125,8600.0,8775.0,8600.0,8750.0,67027600
2023-11-02,8566.849609375,8850.0,8900.0,8725.0,8725.0,56050900
2023-11-03,8615.25,8900.0,8950.0,8850.0,8925.0,60414100
2023-11-06,8760.451171875,9050.0,9050.0,8950.0,8975.0,84994200
2023-11-07,8687.8505859375,8975.0,9025.0,8900.0,9000.0,60648200
2023-11-08,8712.05078125,9000.0,9000.0,8900.0,8950.0,31829300
2023-11-09,8712.05078125,9000.0,9050.0,8900.0,8900.0,46076800
2023-11-10,8542.6494140625,8825.0,9000.0,8825.0,8950.0,50754600
2023-11-13,8591.0498046875,8875.0,8925.0,8850.0,8875.0,20827700
2023-11-14,8639.4501953125,8925.0,8950.0,8875.0,8900.0,37195700
2023-11-15,8760.451171875,9050.0,9050.0,8950.0,8975.0,84977900
2023-11-16,8784.6513671875,9075.0,9075.0,8950.0,9050.0,48714300
2023-11-17,8784.6513671875,9075.0,9075.0,8975.0,9025.0,57050500
2023-11-20,8591.0498046875,8875.0,9025.0,8875.0,8975.0,49216000
2023-11-21,8494.2490234375,8775.0,8900.0,8775.0,8825.0,107614800
2023-11-22,8591.0498046875,8875.0,8875.0,8775.0,8775.0,40364800
2023-11-23,8639.4501953125,8925.0,8975.0,8850.0,8850.0,55542100
2023-11-24,8639.4501953125,8925.0,8975.0,8900.0,8925.0,43631900
2023-11-27,8591.0498046875,8875.0,8950.0,8875.0,8900.0,35679000
2023-11-28,8591.0498046875,8875.0,8950.0,8850.0,8875.0,69070600
2023-11-29,8615.25,8900.0,8950.0,8900.0,8900.0,54715600
2023-11-30,8687.8505859375,8975.0,8975.0,8900.0,8925.0,205312100
2023-12-01,8663.650390625,8950.0,8975.0,8900.0,8925.0,80566400
2023-12-04,8680.6708984375,8925.0,9025.0,8925.0,8950.0,54747400
2023-12-05,8656.35546875,8900.0,8950.0,8825.0,8950.0,94363900
2023-12-06,8559.0927734375,8800.0,8950.0,8800.0,8850.0,81852800
2023-12-07,8583.408203125,8825.0,8825.0,8725.0,8750.0,91322500
2023-12-08,8510.4619140625,8750.0,8850.0,8750.0,8800.0,43891600
2023-12-11,8510.4619140625,8750.0,8775.0,8675.0,8675.0,78642800
2023-12-12,8461.830078125,8700.0,8750.0,8700.0,8700.0,87589300
2023-12-13,8437.5146484375,8675.0,8750.0,8675.0,8700.0,51560500
2023-12-14,8802.2490234375,9050.0,9050.0,8750.0,8775.0,115332800
2023-12-15,8972.4580078125,9225.0,9225.0,9075.0,9125.0,275013500
2023-12-18,8948.142578125,9200.0,9225.0,9150.0,9200.0,111712200
2023-12-19,8996.7734375,9250.0,9250.0,9125.0,9125.0,65174500
2023-12-20,9045.4052734375,9300.0,9300.0,9225.0,9250.0,72938100
2023-12-21,9069.720703125,9325.0,9325.0,9250.0,9300.0,88116700
2023-12-22,9069.720703125,9325.0,9350.0,9275.0,9275.0,64449600
2023-12-27,9118.3515625,9375.0,9400.0,9325.0,9375.0,64464700
2023-12-28,9142.66796875,9400.0,9425.0,9325.0,9325.0,70184600
2023-12-29,9142.66796875,9400.0,9450.0,9350.0,9425.0,79903400
2024-01-02,9166.9833984375,9425.0,9425.0,9350.0,9400.0,30545200
2024-01-03,9094.0361328125,9350.0,9425.0,9325.0,9425.0,34603300
2024-01-04,9215.6142578125,9475.0,9475.0,9375.0,9400.0,56501800
2024-01-05,9312.876953125,9575.0,9600.0,9475.0,9500.0,85290100
2024-01-08,9312.876953125,9575.0,9625.0,9475.0,9600.0,50896000
2024-01-09,9361.5087890625,9625.0,9625.0,9575.0,9600.0,59848600
2024-01-10,9288.5615234375,9550.0,9650.0,9550.0,9650.0,52774900
2024-01-11,9312.876953125,9575.0,9650.0,9575.0,9625.0,39381500
2024-01-12,9434.4541015625,9700.0,9700.0,9600.0,9650.0,68253400
2024-01-15,9458.7705078125,9725.0,9750.0,9650.0,9750.0,88399500
2024-01-16,9434.4541015625,9700.0,9750.0,9675.0,9700.0,44869200
2024-01-17,9483.0859375,9750.0,9750.0,9650.0,9750.0,107706100
2024-01-18,9410.1396484375,9675.0,9750.0,9625.0,9675.0,71048900
2024-01-19,9361.5087890625,9625.0,9775.0,9600.0,9775.0,63176500
2024-01-22,9361.5087890625,9625.0,9650.0,9525.0,9600.0,52868300
2024-01-23,9337.1923828125,9600.0,9600.0,9450.0,9450.0,92348600
2024-01-24,9264.24609375,9525.0,9600.0,9475.0,9600.0,84906000
2024-01-25,9239.9296875,9500.0,9575.0,9450.0,9450.0,63212700
2024-01-26,9094.0361328125,9350.0,9450.0,9300.0,9400.0,78977300
2024-01-29,9288.5615234375,9550.0,9550.0,9375.0,9400.0,73452800
2024-01-30,9385.82421875,9650.0,9650.0,9475.0,9500.0,73136400
2024-01-31,9288.5615234375,9550.0,9700.0,9550.0,9700.0,102581200
2024-02-01,9434.4541015625,9700.0,9725.0,9575.0,9650.0,104208700
2024-02-02,9434.4541015625,9700.0,9800.0,9625.0,9775.0,99324000
2024-02-05,9312.876953125,9575.0,9675.0,9525.0,9675.0,57983300
2024-02-06,9361.5087890625,9625.0,9750.0,9625.0,9750.0,87651000
2024-02-07,9434.4541015625,9700.0,9725.0,9650.0,9700.0,92953500
2024-02-12,9531.716796875,9800.0,9800.0,9700.0,9750.0,87949400
2024-02-13,9458.7705078125,9725.0,9800.0,9700.0,9750.0,66072400
2024-02-15,9580.3486328125,9850.0,9975.0,9850.0,9950.0,164748900
2024-02-16,9677.611328125,9950.0,10000.0,9875.0,9975.0,142277200
2024-02-19,9604.6640625,9875.0,9975.0,9825.0,9900.0,53341300
2024-02-20,9750.5576171875,10025.0,10025.0,9850.0,9850.0,63997700
2024-02-21,9701.9267578125,9975.0,10000.0,9850.0,9950.0,75371600
2024-02-22,9604.6640625,9875.0,9975.0,9875.0,9975.0,66913000
2024-02-23,9556.0322265625,9825.0,9925.0,9800.0,9900.0,55192300
2024-02-26,9531.716796875,9800.0,9875.0,9725.0,9750.0,41356000
2024-02-27,9604.6640625,9875.0,9900.0,9750.0,9750.0,43735800
2024-02-28,9726.2421875,10000.0,10000.0,9900.0,9975.0,54043100
2024-02-29,9604.6640625,9875.0,10000.0,9850.0,10000.0,126671200
2024-03-01,9556.0322265625,9825.0,9925.0,9800.0,9900.0,51520600
2024-03-04,9483.0859375,9750.0,9825.0,9750.0,9800.0,43822900
2024-03-05,9531.716796875,9800.0,9900.0,9775.0,9900.0,61952900
2024-03-06,9677.611328125,9950.0,10000.0,9775.0,9900.0,70242200
2024-03-07,9847.8203125,10125.0,10175.0,10000.0,10050.0,118369300
2024-03-08,9872.1357421875,10150.0,10300.0,10125.0,10250.0,100947200
2024-03-13,9726.2421875,10000.0,10400.0,10000.0,10400.0,141622600
2024-03-14,10042.3447265625,10325.0,10325.0,10025.0,10050.0,110681100
2024-03-15,9872.1357421875,10150.0,10300.0,10050.0,10200.0,154176800
2024-03-18,9872.1357421875,10150.0,10275.0,10150.0,10175.0,62444100
2024-03-19,9896.4521484375,10175.0,10250.0,10150.0,10150.0,55004800
2024-03-20,9847.8203125,10125.0,10150.0,10075.0,10100.0,66269700
2024-03-21,9847.8203125,10125.0,10225.0,10050.0,10175.0,90279400
2024-03-22,9823.5048828125,10100.0,10125.0,9950.0,10000.0,91968200
2024-03-25,10025.0,10075.0,10075.0,9925.0,10075.0,66971000
2024-03-26,10000.1240234375,10050.0,10050.0,9950.0,10050.0,65742700
2024-03-27,10025.0,10075.0,10075.0,10000.0,10025.0,39514100
2024-03-28,10025.0,10075.0,10100.0,9975.0,10025.0,79229700
2024-04-01,9801.1162109375,9850.0,10100.0,9825.0,10075.0,79248700
2024-04-02,9850.8681640625,9900.0,9950.0,9800.0,9925.0,76763100
2024-04-03,9477.7294921875,9525.0,9800.0,9525.0,9750.0,177418400
2024-04-04,9801.1162109375,9850.0,9850.0,9575.0,9575.0,75993500
2024-04-05,9776.240234375,9825.0,9950.0,9825.0,9950.0,70428600
2024-04-16,9427.9775390625,9475.0,9575.0,9250.0,9350.0,283265900
2024-04-17,9477.7294921875,9525.0,9675.0,9525.0,9550.0,95620700
2024-04-18,9427.9775390625,9475.0,9575.0,9450.0,9525.0,127134000
2024-04-19,9427.9775390625,9475.0,9500.0,9300.0,9350.0,147784300
2024-04-22,9303.59765625,9350.0,9425.0,9350.0,9400.0,128908000
2024-04-23,9676.736328125,9725.0,9775.0,9400.0,9400.0,178833000
2024-04-24,9900.6201171875,9950.0,9950.0,9750.0,9825.0,132832700
2024-04-25,9726.48828125,9775.0,10000.0,9700.0,10000.0,104874100
2024-04-26,9577.2333984375,9625.0,9825.0,9625.0,9700.0,100932900
2024-04-29,9751.3642578125,9800.0,9850.0,9525.0,9525.0,90063500
2024-04-30,9751.3642578125,9800.0,10050.0,9800.0,10050.0,109623000
2024-05-02,9502.60546875,9550.0,9900.0,9500.0,9900.0,97079400
2024-05-03,9801.1162109375,9850.0,9850.0,9675.0,9750.0,81200400
2024-05-06,9751.3642578125,9800.0,9875.0,9775.0,9850.0,53076200
2024-05-07,9651.8603515625,9700.0,9750.0,9625.0,9700.0,66746800
2024-05-08,9328.4736328125,9375.0,9700.0,9375.0,9600.0,112808900
2024-05-13,9477.7294921875,9525.0,9525.0,9200.0,9200.0,145469900
2024-05-14,9502.60546875,9550.0,9675.0,9525.0,9625.0,95363500
2024-05-15,9452.853515625,9500.0,9600.0,9425.0,9500.0,54741900
2024-05-16,9552.357421875,9600.0,9675.0,9525.0,9575.0,61126000
2024-05-17,9701.6123046875,9750.0,9850.0,9575.0,9600.0,99848500
2024-05-20,9427.9775390625,9475.0,9800.0,9475.0,9700.0,87890100
2024-05-21,9328.4736328125,9375.0,9575.0,9375.0,9450.0,75311400
2024-05-22,9378.2255859375,9425.0,9575.0,9325.0,9475.0,121712700
2024-05-27,9253.845703125,9300.0,9375.0,9275.0,9300.0,128578500
2024-05-28,9253.845703125,9300.0,9400.0,9300.0,9300.0,73945700
2024-05-29,9104.5908203125,9150.0,9325.0,9150.0,9275.0,117351600
2024-05-30,8955.3349609375,9000.0,9250.0,8775.0,9000.0,207115100
2024-05-31,9204.09375,9250.0,9250.0,9025.0,9100.0,756431600
2024-06-03,9228.9697265625,9275.0,9350.0,9225.0,9350.0,72197700
2024-06-04,9303.59765625,9350.0,9525.0,9350.0,9525.0,75353100
2024-06-05,9403.1015625,9450.0,9500.0,9300.0,9500.0,82087300
2024-06-06,9427.9775390625,9475.0,9525.0,9450.0,9525.0,44991300
2024-06-07,9278.7216796875,9325.0,9500.0,9325.0,9500.0,51599800
2024-06-10,9477.7294921875,9525.0,9525.0,9450.0,9500.0,45584700
2024-06-11,9253.845703125,9300.0,9550.0,9300.0,9550.0,68690900
2024-06-12,9204.09375,9250.0,9325.0,9250.0,9300.0,49785700
2024-06-13,9154.341796875,9200.0,9475.0,9200.0,9475.0,84652200
2024-06-14,9154.341796875,9200.0,9250.0,9100.0,9200.0,52986300
2024-06-19,9005.0869140625,9050.0,9250.0,9050.0,9250.0,100051000
2024-06-20,9378.2255859375,9425.0,9425.0,9100.0,9150.0,81474800
2024-06-21,9552.357421875,9600.0,9675.0,9400.0,9475.0,166841200
2024-06-24,9552.357421875,9600.0,9750.0,9575.0,9600.0,79592300
2024-06-25,9552.357421875,9600.0,9600.0,9450.0,9600.0,80029000
2024-06-26,9452.853515625,9500.0,9650.0,9450.0,9525.0,77913200
2024-06-27,9701.6123046875,9750.0,9750.0,9550.0,9575.0,89150700
2024-06-28,9875.744140625,9925.0,9975.0,9775.0,9800.0,166172300
2024-07-01,9825.9921875,9875.0,9900.0,9825.0,9850.0,68634600
2024-07-02,9850.8681640625,9900.0,10000.0,9850.0,10000.0,78848500
2024-07-03,9950.3720703125,10000.0,10000.0,9925.0,9975.0,55860200
2024-07-04,9776.240234375,9825.0,10000.0,9825.0,9975.0,67054000
2024-07-05,9900.6201171875,9950.0,9975.0,9875.0,9925.0,36946900
2024-07-08,10000.1240234375,10050.0,10050.0,9950.0,10000.0,72903600
2024-07-09,10025.0,10075.0,10150.0,10075.0,10100.0,61853200
2024-07-10,10049.8759765625,10100.0,10225.0,10050.0,10175.0,62325900
2024-07-11,10025.0,10075.0,10125.0,10000.0,10000.0,55908400
2024-07-12,10025.0,10075.0,10100.0,10025.0,10050.0,62646500
2024-07-15,10000.1240234375,10050.0,10075.0,9950.0,10050.0,36682600
2024-07-16,9900.6201171875,9950.0,10025.0,9950.0,9975.0,37192700
2024-07-17,9751.3642578125,9800.0,9950.0,9800.0,9900.0,90666000
2024-07-18,10049.8759765625,10100.0,10100.0,9800.0,9800.0,65383200
2024-07-19,10074.751953125,10125.0,10125.0,9975.0,10050.0,53880300
2024-07-22,10049.8759765625,10100.0,10150.0,10100.0,10125.0,31285300
2024-07-23,10124.50390625,10175.0,10200.0,10125.0,10200.0,39321100
2024-07-24,10025.0,10075.0,10175.0,10075.0,10125.0,24658000
2024-07-25,10248.8828125,10300.0,10300.0,10200.0,10225.0,98088100
2024-07-26,10273.7587890625,10325.0,10400.0,10300.0,10375.0,75565800
2024-07-29,10199.130859375,10250.0,10425.0,10175.0,10400.0,69092500
2024-07-30,10124.50390625,10175.0,10300.0,10175.0,10300.0,32122900
2024-07-31,10224.0068359375,10275.0,10350.0,10225.0,10350.0,82519900
2024-08-01,10323.5107421875,10375.0,10375.0,10200.0,10200.0,61176200
2024-08-02,10149.3798828125,10200.0,10350.0,10200.0,10275.0,55699900
2024-08-05,9825.9921875,9875.0,10150.0,9875.0,10000.0,126328300
2024-08-06,9950.3720703125,10000.0,10075.0,9950.0,10075.0,78473900
2024-08-07,10049.8759765625,10100.0,10100.0,10000.0,10000.0,52327400
2024-08-08,10174.2548828125,10225.0,10225.0,10075.0,10150.0,54162100
2024-08-09,10099.6279296875,10150.0,10250.0,10100.0,10225.0,47062400
2024-08-12,10149.3798828125,10200.0,10200.0,10075.0,10100.0,40364100
2024-08-13,10248.8828125,10300.0,10300.0,10175.0,10250.0,55207100
2024-08-14,10149.3798828125,10200.0,10300.0,10200.0,10300.0,47999100
2024-08-15,10174.2548828125,10225.0,10300.0,10175.0,10200.0,33396600
2024-08-16,10273.7587890625,10325.0,10325.0,10250.0,10300.0,40731400
2024-08-19,10323.5107421875,10375.0,10425.0,10275.0,10325.0,51054400
2024-08-20,10373.2626953125,10425.0,10450.0,10300.0,10325.0,60304400
2024-08-21,10373.2626953125,10425.0,10500.0,10425.0,10500.0,84848800
2024-08-22,10273.7587890625,10325.0,10400.0,10225.0,10350.0,56611600
2024-08-23,10273.7587890625,10325.0,10375.0,10300.0,10325.0,46651600
2024-08-26,10273.7587890625,10325.0,10375.0,10250.0,10275.0,35145600
2024-08-27,10149.3798828125,10200.0,10300.0,10175.0,10275.0,60448400
2024-08-28,10298.634765625,10350.0,10350.0,10250.0,10300.0,38489900
2024-08-29,10174.2548828125,10225.0,10500.0,10225.0,10500.0,53004700
2024-08-30,10273.7587890625,10325.0,10325.0,10200.0,10325.0,158403700
2024-09-02,10224.0068359375,10275.0,10375.0,10200.0,10375.0,72008600
2024-09-03,10124.50390625,10175.0,10325.0,10150.0,10325.0,50950200
2024-09-04,10248.8828125,10300.0,10300.0,10125.0,10150.0,44817000
2024-09-05,10199.130859375,10250.0,10350.0,10250.0,10350.0,39332900
2024-09-06,10248.8828125,10300.0,10300.0,10225.0,10225.0,31541800
2024-09-09,10224.0068359375,10275.0,10350.0,10200.0,10300.0,36185100
2024-09-10,10298.634765625,10350.0,10350.0,10275.0,10350.0,55093100
2024-09-11,10373.2626953125,10425.0,10425.0,10350.0,10425.0,64621300
2024-09-12,10423.0146484375,10475.0,10500.0,10375.0,10450.0,70759100
2024-09-13,10373.2626953125,10425.0,10425.0,10325.0,10400.0,70057100
2024-09-17,10447.890625,10500.0,10500.0,10350.0,10450.0,89745000
2024-09-18,10572.2705078125,10625.0,10625.0,10450.0,10500.0,65420200
2024-09-19,10845.9052734375,10900.0,10900.0,10650.0,10700.0,140886600
2024-09-20,10721.525390625,10775.0,10900.0,10775.0,10900.0,142194600
2024-09-23,10895.6572265625,10950.0,10950.0,10725.0,10725.0,72553800
2024-09-24,10746.4013671875,10800.0,10950.0,10775.0,10775.0,105191100
2024-09-25,10796.1533203125,10850.0,10850.0,10525.0,10675.0,158369100
2024-09-26,10646.8984375,10700.0,10875.0,10675.0,10875.0,84960100
2024-09-27,10597.146484375,10650.0,10750.0,10400.0,10500.0,93027400
2024-09-30,10273.7587890625,10325.0,10550.0,10325.0,10475.0,144692100
2024-10-01,10497.642578125,10550.0,10550.0,10375.0,10400.0,59797700
2024-10-02,10447.890625,10500.0,10550.0,10325.0,10325.0,86746200
2024-10-03,10398.138671875,10450.0,10525.0,10400.0,10450.0,60887000
2024-10-04,10423.0146484375,10475.0,10475.0,10350.0,10400.0,58500400
2024-10-07,10248.8828125,10300.0,10375.0,10250.0,10350.0,91867900
2024-10-08,10348.38671875,10400.0,10500.0,10150.0,10200.0,99622900
2024-10-09,10373.2626953125,10425.0,10525.0,10400.0,10400.0,56835200
2024-10-10,10447.890625,10500.0,10500.0,10400.0,10425.0,51080000
2024-10-11,10323.5107421875,10375.0,10575.0,10375.0,10575.0,44632100
2024-10-14,10447.890625,10500.0,10500.0,10375.0,10375.0,31738600
2024-10-15,10572.2705078125,10625.0,10625.0,10450.0,10550.0,66635200
2024-10-16,10423.0146484375,10475.0,10725.0,10475.0,10700.0,63255900
2024-10-17,10671.7744140625,10725.0,10800.0,10500.0,10550.0,66993300
2024-10-18,10696.6494140625,10750.0,10875.0,10725.0,10875.0,56299600
2024-10-21,10622.0224609375,10675.0,10850.0,10675.0,10850.0,36472500
2024-10-22,10447.890625,10500.0,10600.0,10475.0,10475.0,94799500
2024-10-23,10597.146484375,10650.0,10650.0,10475.0,10475.0,48903000
2024-10-24,10646.8984375,10700.0,10850.0,10700.0,10725.0,85341200
2024-10-25,10696.6494140625,10750.0,10750.0,10625.0,10650.0,34847500
2024-10-28,10547.39453125,10600.0,10825.0,10600.0,10825.0,39061500
2024-10-29,10447.890625,10500.0,10575.0,10500.0,10525.0,49680100
2024-10-30,10298.634765625,10350.0,10400.0,10275.0,10275.0,114484100
2024-10-31,10199.130859375,10250.0,10475.0,10250.0,10325.0,97553400
2024-11-01,10373.2626953125,10425.0,10425.0,10275.0,10275.0,47710000
2024-11-04,10323.5107421875,10375.0,10500.0,10300.0,10425.0,49275700
2024-11-05,10447.890625,10500.0,10575.0,10300.0,10300.0,50296500
2024-11-06,10398.138671875,10450.0,10500.0,10375.0,10475.0,50324900
2024-11-07,10124.50390625,10175.0,10450.0,10175.0,10325.0,131579100
2024-11-08,10025.0,10075.0,10225.0,10050.0,10200.0,92166100
2024-11-11,10000.1240234375,10050.0,10050.0,9800.0,9800.0,128707600
2024-11-12,10099.6279296875,10150.0,10225.0,10000.0,10100.0,80378500
2024-11-13,10099.6279296875,10150.0,10250.0,10150.0,10225.0,62933100
2024-11-14,10049.8759765625,10100.0,10175.0,10050.0,10125.0,56381400
2024-11-15,10124.50390625,10175.0,10275.0,10050.0,10050.0,63598200
2024-11-18,9950.3720703125,10000.0,10125.0,10000.0,10075.0,65716200
2024-11-19,9875.744140625,9925.0,10025.0,9900.0,9900.0,85295300
2024-11-20,10025.0,10075.0,10150.0,10000.0,10025.0,58584400
2024-11-21,9850.0,9850.0,10000.0,9850.0,10000.0,93181200
2024-11-22,9850.0,9850.0,9950.0,9850.0,9925.0,58396100
2024-11-25,10175.0,10175.0,10200.0,9900.0,9950.0,165369400
2024-11-26,10000.0,10000.0,10250.0,10000.0,10250.0,62310100
2024-11-28,10000.0,10000.0,10075.0,9925.0,9975.0,57443500
2024-11-29,10000.0,10000.0,10100.0,9950.0,10000.0,76886000
2024-12-02,9750.0,9750.0,10050.0,9750.0,10000.0,87879600
2024-12-03,10200.0,10200.0,10225.0,9900.0,10025.0,126087100
2024-12-04,10200.0,10200.0,10250.0,10050.0,10175.0,97876300
2024-12-05,10250.0,10250.0,10350.0,10225.0,10250.0,96904400
2024-12-06,10075.0,10075.0,10175.0,10050.0,10100.0,68247200
2024-12-09,10350.0,10350.0,10350.0,10000.0,10025.0,64458400
2024-12-10,10350.0,10350.0,10350.0,10275.0,10325.0,61230400
2024-12-11,10425.0,10425.0,10425.0,10225.0,10225.0,37934300
2024-12-12,10250.0,10250.0,10375.0,10250.0,10300.0,19987800
